 Mean of the integrated profile, Standard deviation of the integrated profile, Excess kurtosis of the integrated profile, Skewness of the integrated profile, Mean of the DM-SNR curve, Standard deviation of the DM-SNR curve, Excess kurtosis of the DM-SNR curve, Skewness of the DM-SNR curve,target_class
126.140625,44.7523977,0.288784429,0.224826022,4.030936455,20.68112447,5.952512637,40.71863199,0
112,44.35016911,0.286628816,0.509145964,0.960702341,12.09477461,15.35367518,263.4423865,0
80.140625,34.42626504,1.697879018,6.213363906,7.822742475,38.34193567,5.048003598,24.8022771,1
52.109375,38.67780258,3.179048342,13.62914242,4.081103679,25.04512872,7.126207847,54.32379755,1
96.0390625,39.92911734,0.383327201,1.421056805,2.505852843,17.66245567,8.849293806,90.58179662,0
97,53.16762995,0.382614221,-0.221310089,115.4381271,108.0780191,-0.109231691,-1.946039119,0
107.109375,46.98524276,0.186086444,0.210182328,1.967391304,15.70515669,11.07020571,144.8517738,0
100.453125,42.51945499,0.436997481,1.142199163,5.345317726,,6.129800307,37.79947846,0
123.4453125,43.32143822,0.207214245,0.497773761,4.473244147,24.03839849,6.226778865,42.41047966,0
153.21875,49.51009012,-0.430769781,0.123171066,2.515886288,14.7560627,9.085578126,108.1396154,0
64.6796875,37.08245323,1.333255534,4.592964552,2.183110368,15.04427409,8.953978404,100.6653894,0
113.59375,55.7513225,0.283653257,-0.472524479,3.316889632,18.63450828,7.659497063,70.54673659,0
119.2578125,43.92860794,0.04129318,0.316236127,1.673913043,11.23773304,13.33188916,247.1934002,0
129.03125,52.02492454,0.087634029,-0.31064508,5.816053512,24.28164473,4.683142357,24.24292173,0
60.4296875,36.16210974,2.823168017,12.00849659,12.78929766,42.10036288,4.028247971,16.42605776,1
115.234375,40.23029105,0.284591087,1.03689603,2.795150502,16.44654897,8.373245135,86.7227995,0
109.9453125,52.77877009,0.066310421,-0.421476033,1.985785953,16.23465981,11.20007136,141.2999494,0
8.1015625,31.35154498,6.091617155,38.48028348,92.85618729,54.66816332,0.968097795,0.696454218,1
61.671875,36.37545304,2.265220701,8.709980861,5.593645485,,6.072215931,38.23599074,1
134.484375,41.85129635,0.012331666,0.55150942,4.908026756,24.75674096,6.14371994,40.99827757,0
116.703125,47.69046671,0.191975195,-0.032394904,2.580267559,15.68724676,8.667928697,94.57697811,0
111.59375,41.09771844,0.32749196,1.28591041,0.607859532,10.49116072,19.87966138,424.8304342,0
112.6640625,52.30219841,0.346782243,-0.229925994,1.733277592,10.78684925,13.51549068,268.0833409,0
125.734375,53.73509741,0.117900365,-0.394963458,2.331939799,17.26246387,9.110614067,91.92480642,0
119.765625,54.41442312,0.250616241,-0.612919038,3.647157191,20.46134091,7.408732085,64.90997664,0
135.078125,48.68659488,0.113357619,-0.147732293,2.35451505,17.24372033,9.291448732,100.2919104,0
121.6015625,49.1674975,0.048081792,-0.206099809,2.14632107,15.90380242,9.241281599,100.9660481,0
96.3828125,47.49344052,0.338094754,0.365862718,3.755852843,23.94019005,7.317173561,58.20594056,0
28.84375,36.66751745,4.380115281,20.01748126,77.60535117,71.5958074,0.628072461,-0.421118762,1
93.2578125,44.82173826,0.572260442,0.740391599,1.834448161,12.06238039,11.71872454,190.6753705,1
110.8984375,41.21965548,0.044304896,0.60050666,0.587792642,9.884863169,21.88025993,513.1793624,0
123.8046875,47.9746122,0.018394623,-0.065273979,2.868729097,21.00999902,8.472732877,78.07381841,0
95.3125,42.95796456,0.405215487,0.95895557,3.153846154,16.88817471,7.549542745,73.22359086,0
95.8828125,48.97346557,0.545903436,0.730957013,1.739130435,12.56782963,,174.4031315,0
97.09375,50.17258301,0.577310894,0.338507503,1.259197324,15.19988473,13.63774086,197.6923306,0
118.453125,46.04801492,0.325395149,0.420526533,4.476588629,22.14350325,5.853144858,38.557038,0
135.6875,54.25889184,-0.065490878,-0.495563862,1.403010033,16.66324308,12.66309498,163.7993011,0
102,52.10985991,0.165016644,-0.264776811,2.768394649,20.16741895,7.952245573,67.13635344,0
130.328125,49.38878121,0.154961989,-0.096235099,3.263377926,18.92504216,8.524809766,87.09461648,0
101.359375,35.37405793,0.580004199,2.366041498,3.891304348,22.03057069,7.001136221,56.50134118,0
119.65625,49.80390257,0.026315397,-0.162415373,7.10451505,33.51924939,5.416931324,30.38356603,0
122.1171875,47.27159247,0.054668033,0.11621038,35.52090301,66.23552077,1.588661013,1.035076685,0
135.21875,51.80084119,0.054533326,-0.236347869,2.392140468,18.86798633,9.019433167,88.58299581,0
104.109375,47.15221932,0.824253063,1.167564167,2.392976589,14.9425125,9.40831811,112.1065944,0
118.3984375,52.33938823,0.051880969,-0.474842531,3.033444816,19.98499986,7.762724934,68.5695231,0
111.703125,54.79883087,0.097677166,-0.49125384,2.591137124,19.85185656,8.767295687,83.19980505,0
133.8046875,54.24583201,-0.023096624,-0.296260876,2.230769231,13.4725755,10.36771764,144.0075856,0
115.1015625,47.12994666,0.333484912,-0.048367387,3.180602007,17.8550694,8.615841564,90.99037258,0
87.578125,33.46747707,0.740752533,3.888345351,1.911371237,15.11916449,9.999031435,117.4851902,0
100.859375,32.73132444,0.25123851,3.49173179,4.968227425,25.76597132,5.876206549,36.87106751,0
107.09375,49.55464747,0.213140149,-0.148581447,1.775083612,13.48523587,11.62907621,166.4637827,0
102.3828125,42.41501081,0.511476948,0.955790039,6.97993311,30.50897009,4.701490338,22.66266244,0
117.2578125,42.89326253,0.121773594,0.030878068,1.150501672,11.49825164,16.48789423,320.6702352,0
100.078125,51.50828352,0.499828032,0.060150662,4.108695652,21.70576788,7.119164178,58.50809415,0
120.625,42.87226668,-0.044412033,0.328921415,8.349498328,33.63862037,4.187607585,17.13927715,0
123.6875,49.31796548,-0.002264451,0.218708063,6.730769231,31.65474423,5.074507002,26.22958864,0
132.1640625,49.05286965,-0.154461431,0.199479812,1.886287625,16.82987209,10.9317191,130.7596846,0
100.1328125,46.12523223,0.210581918,0.031207187,2.158026756,19.60400471,9.961568215,103.4176485,0
8.2421875,31.03494656,7.005739422,49.67224062,137.8528428,67.04329019,-0.062367311,-1.092932703,1
129.375,44.56841651,0.049779493,0.506330188,3.60451505,21.13303805,7.181384025,56.85662961,0
119.78125,49.84929436,-0.239040645,-0.133189739,2.160535117,18.42754902,9.450522384,95.10860541,0
141.1640625,47.71821215,-0.024153871,-0.238377995,2.77173913,17.55180304,8.443938572,84.32985201,0
138.015625,48.19702149,0.026022285,-0.185536937,1.371237458,10.71659742,14.27026841,282.0490543,0
135.265625,47.65017123,-0.267096507,-0.007619698,4.039297659,23.05753225,6.268237497,41.78320865,0
124.7734375,44.40583697,0.435207631,0.429988091,2.113712375,13.91873617,9.45691623,119.1211603,0
127.4609375,49.96856861,-0.038638408,-0.157026411,3.477424749,18.96521174,6.877248271,56.07008403,0
137.328125,47.83322416,-0.163863234,-0.276708858,7.7090301,35.04703889,4.889746284,24.14596331,0
108.7265625,50.21651789,0.190697021,0.089032936,1.308528428,11.48130489,12.89691608,223.872908,0
124.1171875,43.11532882,0.012202053,0.306221622,1.924749164,18.23846196,10.11855188,105.6079146,0
81.1171875,34.88297872,0.760898864,3.660842118,2.733277592,16.79887706,8.08768427,78.7640511,0
110.6015625,47.82640155,0.28417662,-0.177860262,1.909698997,15.7552414,10.2397623,118.2364201,0
109.7890625,49.63974157,0.240458562,-0.08960456,10.64214047,38.11815854,3.620933312,12.26001162,0
,62.98294466,0.127696498,-1.001819684,132.9540134,90.86893089,-0.566263427,-1.341008404,0
88.6484375,43.32121843,0.48579832,0.91445327,4.25,23.3119791,6.117913582,40.22654898,0
109.96875,49.82828914,0.439041292,0.30331456,2.454013378,15.25832386,9.424439674,109.7626322,0
91.46875,41.07765845,0.560872944,1.362571262,2.407190635,13.61992129,9.262513026,122.3979694,0
103.1484375,39.00602715,0.507142426,1.367814351,4.373745819,21.60406749,6.393055864,47.1625121,0
134.40625,49.94269177,-0.086435811,-0.352991161,1.350334448,11.5188594,13.42282403,234.4747022,0
136.6015625,48.19254024,-0.045957706,-0.132614536,1.518394649,15.25290134,12.14864534,163.0082428,0
136.75,49.90741428,-0.11403795,-0.091393469,3.326923077,20.72505095,7.752153083,67.24213461,0
114.8671875,50.69830666,0.093518828,-0.214991787,2.039297659,13.22500017,10.44217644,146.4540762,0
130.609375,46.93699806,-0.111093156,0.184263068,5.41638796,27.73920952,5.70576836,34.32726627,0
87.6875,48.11099634,0.795583022,0.707279599,60.54347826,83.01059055,0.989217856,-0.533603355,1
67.3046875,36.84078043,1.924392987,6.976179018,18.51588629,51.07876973,2.960732576,8.019208493,1
92.5859375,34.30937539,0.750350997,2.692644927,2.826086957,22.45288315,8.255768014,,0
117.1796875,47.24808753,0.260262376,0.191550249,3.102006689,16.88579471,7.198487892,65.67556272,0
103.0625,38.327281,0.492564752,1.534392156,2.340301003,18.46673991,8.886016682,85.89388585,0
112.9765625,46.05015351,0.458157774,0.43529715,3.989130435,22.79710674,6.788767732,50.69644483,0
132.015625,63.22393044,-0.10110303,-0.794937752,4.533444816,24.06654762,6.430743475,46.20553965,0
135.9921875,43.76687105,-0.231185029,0.302770837,4.636287625,25.94312639,7.091756804,53.51122893,0
90.265625,36.03784564,0.505556233,2.239135368,2.406354515,14.84069565,8.768748587,100.7642696,0
46.171875,36.15831279,3.294612925,13.59033242,14.00501672,43.68747295,3.424030632,11.5640852,1
97.96875,41.15024634,0.46644888,0.773408508,2.793478261,16.88179416,8.212193881,80.95537217,0
79.234375,38.28480532,1.350382989,4.100627804,9.533444816,39.5055102,4.431321979,19.24790531,1
113.515625,45.21424423,0.487126633,0.936252763,2.315217391,17.2246169,9.638587747,105.8832072,0
83.4296875,40.24644464,0.768412573,1.774815441,2.030100334,15.40210526,,122.5063749,0
124.4609375,45.19815786,-0.120540504,-0.030214253,2.838628763,17.06861657,8.46362891,89.10466621,0
131.59375,52.18932444,0.094119274,0.006717872,3.363712375,19.54915734,8.168628883,76.56377593,0
16.2734375,45.49995104,3.750763581,13.74960917,178.4255853,50.81271252,-0.861442064,0.490814296,1
122.9609375,50.77083968,-0.100266991,-0.245821467,1.456521739,11.16030723,13.47844552,248.4202528,0
157.921875,45.30566489,-0.32000595,0.309464272,1.612876254,11.9383086,12.06950878,198.1068879,0
119.296875,57.28429096,0.082517079,-0.535151465,2.471571906,14.98148337,9.045786138,106.3119146,0
87.2578125,38.8830872,0.61960624,1.80204138,2.011705686,18.80230355,9.97407466,103.2025865,0
110.6015625,50.90391375,0.205045277,-0.086644772,1.211538462,13.65599458,13.63496335,208.9418224,0
120.1171875,44.5921835,0.016727947,0.45890068,3.296822742,19.8608375,8.357609077,80.02455711,0
128.796875,48.45574001,-0.025070968,-0.456995637,2.754180602,18.9801368,7.72866289,65.38016503,0
109.046875,52.42477637,0.540465935,-0.353490955,4.248327759,25.51423051,6.351599706,41.11984892,0
118.078125,49.25707585,0.352133576,0.341297183,4.173076923,24.9455456,6.782460007,49.20202641,0
132,50.14260913,0.043493533,-0.110893298,5.152173913,28.29340872,6.100262707,38.7313927,0
127.359375,51.18497924,-0.152842304,-0.40646326,3.834448161,20.81012305,6.963515437,54.56052425,0
135.1171875,45.06967195,0.221423592,0.630448143,2.16638796,13.22432797,9.87099155,135.9283456,0
114.8515625,44.30347931,0.14242548,0.087649167,3.16722408,22.30752972,7.591025041,59.74558737,1
128.703125,45.13181378,0.152509765,-0.125714631,2.786789298,17.15502382,8.295487365,83.729572,0
42.3125,28.11159403,4.802460021,31.83377405,13.4632107,43.66947325,3.63044253,12.94816097,1
64.921875,32.22858043,3.429072745,16.42133222,33.67056856,60.49110748,1.748564728,2.088555685,1
67.71875,32.79384887,2.521937363,12.73157816,6.147157191,33.17955737,5.643942499,31.48066694,1
103.859375,46.71752455,0.498985529,0.427413564,2.652173913,18.59642916,8.229137859,76.22170535,0
127.8359375,44.08280159,0.075601283,0.076062591,4.627926421,27.12666047,6.440065568,42.94694641,0
120.6953125,53.56619132,0.095607403,-0.392058372,13.03177258,42.74000492,3.287229307,9.766054574,0
115.1875,46.82359682,0.170730041,0.54777613,2.114548495,14.35629128,10.37812658,135.9286729,0
121.46875,50.81783298,0.163271358,-0.397776952,2.059364548,19.19937606,9.805691093,98.39020296,0
101.140625,47.70788954,0.34974362,0.15240414,4.04180602,24.3961849,7.006709864,52.55122493,0
128.4765625,54.84708357,-0.089677919,-0.24944709,17.86120401,50.07632101,2.809752629,6.862016193,0
83.015625,41.36234406,0.706535757,1.587603849,2.025919732,19.49783876,10.45725383,113.1657512,0
116.3203125,48.69819902,0.331506286,0.640744905,1.502508361,11.03282547,13.56838477,255.2151904,0
80.140625,38.20559808,0.652303844,2.314235496,,41.34398038,3.885967595,14.24360181,0
113.625,50.23896023,0.139506609,-0.105042713,7.326086957,31.80401978,5.223691968,28.66937694,0
36.0546875,28.02936758,5.399496575,34.82030536,20.06187291,50.06538719,2.853919688,7.851461412,1
119.546875,46.63636915,0.178407364,0.109392596,2.239966555,13.21668303,10.02571392,139.6231089,0
110.0390625,47.58436625,0.142885272,0.397192191,26.56688963,66.15415797,2.176526246,2.953258832,0
87.90625,39.19411577,0.806023781,2.050931215,2.346153846,15.18681582,8.81153345,97.26548949,0
112.234375,50.01226168,-0.007246294,-0.072768736,1.446488294,11.04844816,13.8512228,261.1547286,0
,38.73364622,0.142602252,1.018290693,2.307692308,17.56932683,8.662674873,82.62711523,0
108.9765625,52.92557641,0.22679808,-0.188177432,6.301003344,29.2828959,4.846719654,23.59630279,0
124.40625,48.75647994,-0.024554134,-0.453140155,7.380434783,32.11106226,4.820173808,23.51663142,0
105.0625,47.98400612,0.362463216,0.282805,1.095317726,12.37138291,14.56504767,239.5055894,0
111.53125,47.7939813,0.385668018,0.191145593,2.176421405,15.94146313,9.046560192,96.53460332,0
131.5546875,46.37311462,0.134623081,-0.050321215,3.422240803,21.52119917,7.654211839,64.7484701,0
105.1875,47.79836392,0.767499959,0.613500932,2.509197324,18.21918985,8.504920112,79.02988887,0
125.7890625,43.31888523,0.201923521,0.238034242,2.530936455,17.75633702,8.616764718,83.8973903,0
83.90625,39.08133296,0.632302854,1.9147951,2.535953177,15.40982655,8.99136861,105.6064222,0
74.8359375,35.76175011,0.771500784,3.606187294,6.798494983,32.81116078,5.327198521,28.8302143,0
93.0625,47.28433772,0.57422481,0.661852816,2.863712375,18.26479299,8.194469075,77.13566336,0
143.3203125,52.36275716,-0.096479951,-0.399730616,90.57608696,81.356929,-0.176923281,-1.882201459,0
88.09375,41.10760223,0.413019876,1.197015682,1.112876254,10.62872055,15.49564965,307.2921815,0
140.9921875,52.42978878,-0.240785204,-0.487395509,0.968227425,9.341388136,19.03617062,469.5407905,0
144.3671875,56.80062047,-0.588425062,-0.538867667,190.0568562,62.9107515,-1.444897367,1.551257853,0
126.09375,52.82539598,-0.146764042,-0.471484806,2.171404682,14.14189505,9.606974327,120.9475351,0
131.90625,53.77040855,0.219247987,-0.188834594,,14.73072801,8.336997625,97.53171305,0
126.328125,46.70972687,0.219174451,-0.182290189,2.091137124,13.42497629,11.04466852,161.6337607,0
114.15625,48.18461202,0.176504076,0.278548791,0.661371237,10.89382689,18.97366748,381.5857724,0
118.9140625,56.14226173,0.069999984,-0.761116776,43.07692308,81.73403377,1.494548956,0.450836078,0
106.7421875,42.61991284,0.247116964,0.491630578,2.612876254,14.30794157,8.584839674,104.5097669,0
119.921875,52.96706072,0.351764682,-0.249491312,1.801003344,13.93458915,10.90804338,147.4031535,0
111.2265625,42.46914594,0.068314547,0.654309872,2.429765886,19.11869063,8.992333348,87.80893149,0
96.203125,47.03993639,0.792945469,0.672810778,3.047658863,18.87098167,7.844256545,70.40727696,0
126.296875,51.01261477,0.049426164,-0.31736956,5.7090301,28.92032566,5.630835816,32.95626578,0
100.890625,39.49628827,0.518331071,1.550456789,1.733277592,12.30941382,12.45360191,204.6668024,0
96.2265625,42.80975627,0.4092442,1.376788786,3.525919732,17.62139445,6.816774998,60.33548428,0
117.421875,50.51834589,0.065208474,-0.075940335,1.413043478,11.35788871,13.22542587,235.5424269,0
136.421875,51.7585454,-0.212552541,-0.20456711,6.977424749,32.86195906,4.91145311,23.81997288,0
101.875,48.3892098,0.90330635,1.33565622,3.452341137,20.33269036,8.646318497,84.57565832,0
111.015625,46.35090081,0.164595826,-0.014663019,1.921404682,15.69527473,11.02158992,136.8003484,0
116.46875,59.45533217,0.248804017,-0.428759374,3.766722408,19.97644758,6.749392502,52.93185162,0
110.2734375,52.21690262,0.109555025,-0.218648333,2.420568562,13.69207025,9.334918905,121.7696645,0
131.3828125,56.27362297,0.154838731,-0.307071073,2.174749164,15.99049878,9.846662808,112.4417049,0
126.28125,48.53976101,0.023676908,0.133753685,27.20401338,65.92426371,2.031195632,2.191054839,0
116.0625,38.21909495,0.419096681,1.483564652,0.850334448,12.33066608,16.65469427,300.6303698,0
113.28125,51.51637141,0.365692016,-0.056710127,5.913879599,28.18509844,5.731266377,35.61077556,0
121.2734375,45.77436422,0.267962593,0.476852152,2.612876254,16.35301824,8.701749822,93.00365683,0
46.2734375,31.46469123,3.667177223,21.17597987,77.08026756,79.94717264,0.615688179,-0.93197616,1
134.2421875,45.29775555,0.031718374,-0.013859967,32.72073579,69.55875458,1.767871624,1.38538111,0
93.671875,37.64370577,0.607366442,2.477926396,1.726588629,13.06555361,11.62541118,171.36263,0
164.0703125,43.49913498,-0.458252069,0.625999879,2.314381271,15.37740907,10.09626462,122.0987964,0
125.5703125,45.1982929,0.175132374,0.419668665,1.132107023,14.49971534,13.5459191,190.2397344,0
104.359375,40.57857624,0.807804527,1.877997868,2.327759197,17.51667907,9.270957419,97.89793095,0
136.921875,51.16664095,0.024210037,-0.194483126,1.051839465,10.44402127,16.34992627,335.6607106,0
92.3359375,39.94474256,0.359590002,1.136306773,29.92976589,67.65385105,1.840953471,1.459707204,0
108.65625,48.81973178,0.224686636,-0.153875861,1.484949833,16.6188516,12.79927133,171.376619,0
114.8359375,51.92614607,-0.009627119,,1.227424749,12.03124904,14.08730859,234.4736858,0
137.6015625,45.311481,0.202227635,0.315342551,1.85451505,12.42148201,11.28087134,175.8731351,0
100.3984375,43.28671488,0.301167055,0.725825273,2.194816054,17.3308743,9.179244286,93.43444343,0
116.109375,52.08635174,0.409531611,-0.233619321,2.403846154,14.48802822,9.594049792,120.6726205,0
143.6015625,45.05800772,-0.238559507,0.678019283,2.248327759,12.32324009,10.30505438,162.78703,0
113.484375,52.28452573,0.003623994,-0.224286337,121.1563545,77.37033474,-0.864506151,-1.102026995,0
127.6171875,49.10449971,0.010487473,0.007028642,1.828595318,17.25046318,10.55650452,117.9161336,0
108.34375,37.30646674,0.423016543,1.611199975,5.5409699,28.19667834,5.529552206,32.21442882,0
80.953125,40.36587733,0.474997384,1.631628987,1.938963211,13.3869147,10.87155002,151.3384982,0
95.6953125,47.74191008,0.4113106,0.272866597,5.60451505,29.35490842,5.532263366,30.77891843,0
30.03125,29.53148148,6.377925998,44.53515819,106.1036789,84.60717385,0.206473834,-1.143011984,1
132.78125,43.54558271,-0.05606102,0.499475237,2.260869565,14.90304812,9.067125075,104.8470195,0
115.3125,46.49827786,0.188845821,0.341376678,3.616220736,21.9435435,7.119240178,55.52124885,0
112.9140625,52.33829671,0.1477515,-0.234054103,0.805183946,10.92202555,17.08761161,330.9028616,0
112.7265625,41.67821577,0.78573812,1.068663034,2.725752508,17.78269157,9.737780145,108.8598966,0
94.71875,43.88050847,0.699948463,1.438127865,2.503344482,17.32164214,8.952090748,93.21741898,0
106.7890625,46.24436661,0.346166084,0.454188457,1.692307692,16.40847651,11.56575396,144.5135955,0
129.578125,47.81239532,-0.000321099,-0.005414777,0.688963211,11.1115616,18.70453222,374.6457673,0
84.984375,34.51878664,0.679989996,3.748876016,1.905518395,14.37552743,10.43140454,133.4506676,0
97.234375,46.53635749,0.558616451,0.384429415,2.010033445,13.63437642,10.02234589,132.1256231,0
128.359375,54.63697443,0.061963272,-0.453308099,1.925585284,13.25711701,10.4201342,144.0672024,0
70.8125,38.84740781,1.122574889,3.181763655,1.904682274,12.7646936,11.22964434,168.6175814,0
34.765625,29.0109043,4.914070917,30.48244321,34.32943144,61.62832415,1.964003469,3.079503914,1
128.7578125,55.28629267,-0.04881015,-0.374883913,2.144648829,13.77452133,10.83071005,,0
104.578125,43.70830323,0.386979964,0.691532734,2.530936455,15.97682936,8.611351919,90.74047675,0
110.828125,35.78453519,0.447838347,2.010040327,1.77090301,15.00950723,11.24407775,145.7791069,0
127.4375,41.82212146,0.231807818,0.73071751,4.492474916,24.24731362,6.576310704,48.16009696,0
106.8359375,39.45622126,0.344847044,0.810718154,2.577759197,18.21071775,8.65992085,85.48533521,0
100.890625,50.02909066,0.431107988,-0.053959206,2.058528428,12.63204183,10.58171515,158.3761252,0
114.375,52.93790584,0.244353229,-0.509419594,0.739130435,9.919349048,18.9886514,420.4815816,0
116.46875,43.13766798,0.529418952,0.653197666,2.860367893,16.36834783,8.315064865,86.27044796,0
103.359375,50.65226648,0.350790595,-0.212579552,1.243311037,10.86648204,14.3121606,273.2238711,0
134.1328125,46.1719563,0.008403385,-0.009397683,4.820234114,23.90775105,5.835401911,36.94532221,0
121.90625,55.7127731,0.148336775,-0.583648221,22.68896321,52.3149893,2.120636783,3.122548712,0
103.015625,39.34164944,0.323328365,1.051164429,3.121237458,21.74466875,7.735822015,63.17190911,0
135.5546875,48.79049738,-0.065322332,-0.016150786,6.846989967,33.38126013,5.224843717,26.88936269,0
129.546875,50.78598776,-0.193670229,-0.001451403,3.352006689,21.53318209,7.479728839,60.50899334,0
108.9296875,40.99164999,0.089389853,0.704405952,2.18729097,19.44562023,9.449779997,91.8794685,0
116.53125,49.84114413,0.130423058,-0.197497224,7.783444816,33.98198067,4.571844719,20.83123349,0
109.3515625,50.80870832,-0.010264136,-0.241168441,3.034280936,16.93301762,7.572431209,71.972257,0
118.8359375,44.2386598,0.162767352,0.523188482,2.404682274,14.39876823,8.859535594,106.9288888,0
128.5859375,55.86906111,0.009635226,-0.339915064,3.731605351,19.30369949,6.545688412,51.04692162,0
,42.18263861,1.878733996,6.119066013,3.695652174,25.49600299,7.296599543,53.94529349,1
105.25,39.42813875,0.449815831,1.189221199,1.200668896,11.95923397,14.44210085,253.2340973,0
127.5625,52.28284703,-0.173320837,-0.295054664,1.97826087,13.57838124,10.62791588,144.6271741,0
110.40625,40.13851749,0.281999139,1.295034708,2.56270903,20.99299726,9.48200467,94.32807322,0
122.3203125,43.88905288,0.199425425,0.508590169,1.711538462,13.51412864,11.39427372,160.754184,0
130.3046875,51.61570113,-0.247850789,-0.311517068,2.474080268,19.05111494,9.709830639,102.4077141,0
84.5390625,40.82793589,1.789563736,4.561213836,3.56270903,22.27417887,8.323706164,73.56392192,1
92.8203125,41.1613505,0.343580615,1.147198222,4.088628763,23.40108703,6.494657379,46.40735527,0
76.703125,33.28484062,0.992735111,5.348909256,8.724080268,35.68621314,4.540563066,20.64034806,0
117.9140625,41.22556612,,0.958227646,2.894648829,16.58929234,8.257561999,87.57675541,0
128.7734375,51.15451697,-0.074272905,-0.427521673,2.464882943,17.00475846,9.17225502,99.1040901,0
98.9140625,48.40600223,0.413448085,0.236233836,2.498327759,14.1526259,9.188782979,115.1707384,0
107.4453125,51.55697828,0.412989953,-0.214228252,1.724080268,14.35022247,11.47399087,152.0257932,0
90.6015625,44.14647846,0.707761071,1.095788568,2.409698997,13.7292028,9.43155022,124.1771201,0
108.765625,40.42015362,0.559078083,1.217888147,4.113712375,22.02769872,6.98624433,56.17693198,0
92.96875,38.13379765,0.519025226,1.815920074,2.973244147,17.8968417,8.322253786,83.57165575,0
134.4453125,53.93511852,0.122361608,-0.452262843,5.898829431,30.77535877,5.728822642,33.54251799,0
112.71875,57.36981696,0.224605974,-0.528097168,9.5409699,34.32455015,3.813599855,14.41741908,0
109.8359375,51.48722192,0.553521154,0.207537876,5.711538462,30.17293357,5.884842052,35.69751362,0
120.2109375,44.50502997,0.148079103,0.31409651,15.93143813,56.4453918,3.296034891,8.999550643,0
104.53125,54.67831173,0.324195069,-0.26018972,3.60367893,18.95078434,6.472968391,50.12110582,0
89,37.03883098,0.655883721,2.272383568,2.305183946,14.44802725,9.183985856,111.1026503,0
119.9609375,50.50826083,0.251724893,-0.114801097,3.407190635,16.41754247,7.029511123,67.46881831,0
139.78125,44.53824506,-0.0857173,0.514656645,1.357023411,14.77842341,12.70588866,175.0468005,0
125.3828125,54.47592947,0.08156028,-0.255997353,1.072742475,13.91874027,15.29553004,247.1697099,0
141.09375,50.6705717,-0.058621407,-0.259984628,3.086120401,16.42124535,7.932888141,80.71540981,0
110.1640625,42.83612986,0.343727221,0.591051739,3.7909699,25.14439475,7.034359954,50.34282146,0
99.265625,37.12594367,0.715227893,1.936421549,29.31688963,66.39636541,2.015641321,2.445002469,1
140.125,43.49784477,-0.12968547,0.150916101,2.222408027,17.86634791,10.05466646,110.8424567,0
125.8203125,37.87921462,0.079600546,1.271121792,4.4590301,27.83721482,6.611384036,44.06997225,0
145.296875,42.41523889,-0.254826051,0.419713733,2.852842809,17.54854948,8.373962386,84.43388716,0
100.796875,43.16743553,0.382478446,0.425075464,3.209866221,18.63844347,7.851139203,71.39184023,0
134.703125,42.9529829,-0.070169259,0.098560065,2.259197324,16.52012173,8.750593544,88.7319326,0
106.0703125,43.97729947,0.254223667,0.306611881,95.01839465,104.5087953,0.328716633,-1.755892394,0
117.9453125,48.21992401,0.269550537,0.244345294,4.280936455,23.23112758,7.042161626,54.71603836,0
88.09375,45.78182593,0.362940187,0.404065164,2.64632107,15.1290821,8.618369034,98.26093845,0
87.9140625,40.84001319,0.559972214,1.105450061,8.693979933,37.08901879,4.466419541,19.52024795,0
97.09375,38.4525758,0.383276146,1.42497772,11.83361204,41.68272712,3.659594547,12.60209825,0
35.859375,30.01346947,5.331252206,34.29799837,87.69648829,84.46670608,0.473213253,-1.090533639,1
139.625,53.75697629,-0.000556225,-0.531055836,19.51254181,47.94911611,2.339639119,4.274464019,0
100.921875,44.13165838,0.330426798,0.284424798,6.505016722,31.94852373,5.217048273,,0
,47.44980644,-0.004244166,0.058885644,2.213210702,13.95257829,9.42128184,118.2257566,0
112.578125,51.31757883,0.348532049,0.191636468,1.893812709,12.92574349,10.8140784,156.4934156,0
126.4921875,42.68818559,0.088460718,0.345807356,1.626254181,14.56854217,10.41244915,125.2426473,0
149.421875,52.62360589,-0.493577849,-0.080760024,116.1287625,101.128549,-0.010321066,-1.713667911,0
149.3671875,52.64041803,-0.399218347,-0.53480683,92.56438127,103.2770653,0.532306068,-1.529394362,0
94.1015625,42.36667319,0.515570385,0.967451891,1.240802676,14.13795648,13.41075361,196.0305542,0
83.53125,42.52167416,0.581761011,1.230802536,3.428093645,17.79643383,7.050441726,61.66259441,0
134.9921875,55.13144748,-0.110332815,-0.411910349,2.821070234,18.84001712,7.781618284,68.65706654,0
109.28125,46.23529116,0.165770991,0.212732744,2.525083612,19.31472846,8.367022251,74.54844015,0
107.3515625,43.95764827,0.174517973,0.304917802,3.218227425,15.84667449,7.660243141,80.18941036,0
125.265625,52.42770087,0.051496222,-0.553123519,0.803511706,10.63505378,18.71559891,388.8351025,0
112.8125,45.53342694,0.241053395,0.252976508,4.367892977,27.2744954,6.750003011,46.747311,0
112.4765625,43.72945318,0.262820559,0.611916493,2.136287625,13.80952561,9.966755359,129.8966777,0
120.015625,52.42166542,0.117768782,-0.264111355,1.383779264,11.77992331,13.29634839,226.1338323,0
102.6015625,46.55160776,0.303219269,-0.114395448,2.029264214,18.52915031,9.918087712,103.4548206,0
113.640625,46.47995777,0.289386189,0.294296801,1.797658863,14.49423347,10.729587,136.1204765,0
42.578125,35.29554004,4.004084828,19.06477864,19.4264214,50.23405523,2.93287445,8.147740657,1
113.703125,55.14828864,0.342108912,-0.026164896,3.480769231,20.76224218,7.785146989,68.36436366,0
138.40625,46.57561686,-0.105283363,0.133889915,2.297658863,16.06440928,9.876390375,113.7708375,0
128.546875,48.63011852,0.025494892,-0.086114056,3.815217391,19.33333205,6.892684283,56.53795261,0
99.0078125,41.7774042,0.380067961,1.031761317,2.351170569,17.38705811,9.305365186,97.13840929,0
117.7265625,50.21729577,-0.123946967,-0.376634436,2.177257525,14.4446939,9.399154501,112.445658,0
134.2734375,47.77350777,0.025438774,0.067408526,86.52508361,90.29593786,0.110407012,-1.933654161,0
127.3515625,55.67562161,0.221219882,-0.482649869,4.744147157,27.28328578,6.318083062,41.32226048,0
91.2265625,55.54210324,0.968755097,0.771035522,35.8235786,69.81180971,1.833787993,2.043154924,1
124.2265625,52.66228116,0.100790832,-0.383905,1.350334448,11.77805517,13.60443386,230.3717774,0
130.78125,57.11952073,-0.00808476,-0.769988553,4.177257525,24.00725262,6.620284066,47.05181886,0
150.09375,60.2268417,-0.499946479,-0.404308236,129.3235786,92.05843614,-0.340383697,-1.483730888,0
123.7421875,45.03301672,0.332523412,0.242907514,4.355351171,24.6176782,6.545078443,46.74493431,0
113.0546875,47.9155032,0.512237785,0.729326602,1.235785953,14.6368387,13.67109613,200.3152261,0
124.953125,38.80658356,0.110124928,1.249571809,2.556020067,14.24203253,8.763568447,107.2569693,0
83.6171875,,0.691334013,2.803815935,1.775083612,13.22839304,11.02109273,156.1286436,0
98.7421875,44.68522653,0.329789253,0.414507518,,12.59179544,12.72341904,207.8162279,0
128.8203125,59.62020861,-0.244611199,-0.760371938,113.840301,82.70492183,-0.235687449,-1.284028519,0
130.28125,45.27087528,0.095718053,0.605471326,6.77173913,33.76245818,5.258854963,27.48059141,0
118.7578125,46.03645738,0.215271455,0.029416775,2.287625418,12.91323816,9.985311486,145.0212062,0
100.3984375,39.28369172,0.369517807,0.901278265,2.649665552,21.38761187,8.520891954,74.55435958,1
113.8125,37.14325099,0.587014558,1.823854061,1.100334448,10.26472186,16.46393692,347.0537678,0
13.640625,35.77222525,5.389806776,28.81278583,96.62374582,76.1665942,0.177274113,-1.079098331,1
121.1484375,45.93900335,0.294195006,0.199660496,105.4155518,90.18964816,-0.286994619,-1.859054514,0
115.1328125,50.23186412,0.184988851,-0.349429124,2.540133779,14.03337736,9.166045541,117.7903735,0
35.6171875,33.15237574,5.168639905,29.04602353,58.40635452,69.24761995,1.093188772,0.323029453,1
139.2890625,48.8532804,-0.417136329,-0.079279724,4.717391304,25.18527464,6.113336192,39.63018312,0
120.2109375,47.98659519,0.159222202,0.029729127,1.988294314,13.62192054,10.09719447,133.6123977,0
97.71875,41.91265797,0.580582079,1.707392146,0.866220736,10.46936107,18.06604942,377.79745,0
120.0546875,47.08906266,0.13963031,0.004193171,2.943143813,20.10387186,8.344842054,76.33301534,0
153.2109375,51.50176762,-0.33934541,-0.414789716,3.673076923,19.97626462,7.285221636,62.69057834,0
117.90625,38.88593847,0.134774034,0.841589002,5.126254181,29.0770792,5.948730485,35.3913418,0
101.015625,50.50247277,0.2608497,0.004912289,1.721571906,11.79125446,11.76272451,198.010557,0
127.21875,52.829315,0.002669671,-0.340639178,4.744983278,29.02281452,6.74557524,46.32887653,0
119.328125,55.57682034,0.092611698,-0.431547481,2.911371237,22.75885298,8.315087368,70.45476484,0
120.796875,46.8215294,0.201605289,0.207045181,2.433110368,19.71298336,8.964705074,85.041127,0
123.6328125,49.97512992,0.033450688,-0.341566392,2.757525084,15.30857855,8.368428218,92.41764966,0
113.4296875,53.73178232,0.198426986,-0.225134084,15.34866221,50.42663806,3.225795188,9.137997165,0
121.734375,49.3940603,0.09671134,-0.180427367,7.39632107,30.00195289,4.80378586,25.06846548,0
124.28125,56.36875485,0.317179278,-0.404104,2.77006689,16.3110384,9.66123465,115.6558414,0
113.5703125,46.16490205,0.21974014,0.471305456,1.622909699,14.46622558,11.17270025,145.7601763,0
108.453125,48.03235553,0.322747422,0.236921215,2.064381271,18.55120462,10.58132328,121.8257047,0
145.9296875,48.69679526,-0.283534628,0.025726685,2.522575251,15.74287519,9.209921134,106.6904622,0
125.7734375,53.76863265,0.321062559,-0.201281082,3.289297659,24.76872797,7.878821899,62.71311602,0
109.4765625,43.15487459,0.345333717,0.764220114,1.422240803,12.16235517,13.08633982,213.6485717,0
58.1640625,37.85659151,2.990382305,11.78564805,41.12123746,62.00958377,1.735378007,2.354386452,1
124.7109375,53.32420773,-0.048854046,-0.177653674,6.274247492,29.91152012,5.361034277,29.299416,0
120.578125,53.35649699,-0.125105578,-0.470178049,2.597826087,18.64129703,9.488488824,103.0995143,0
113.3046875,49.47988205,0.010031245,-0.087848938,1.93812709,17.78060792,10.34715643,115.2600475,0
105.2265625,52.33504067,0.308897001,-0.080813419,3.280936455,17.66152417,7.1810131,63.0591858,0
119.875,49.88549388,0.095798241,-0.425663549,1.691471572,17.56966908,11.05660803,127.2428925,0
45.7109375,28.83903397,4.19320032,25.54482025,10.12792642,36.07896657,4.266206486,19.18914597,1
132.5703125,37.89493774,0.197372118,0.957287367,2.147157191,14.30871113,10.31599279,134.2808355,0
102.796875,39.93321757,0.480245463,1.545534008,4.443979933,23.38447815,6.766805441,50.55550796,0
96.359375,42.53761835,0.393690495,0.784646353,2.030936455,13.26983451,10.56222084,148.4804877,0
118.6015625,50.42078252,0.342406948,-0.202165343,2.713210702,15.11695297,8.188335968,90.66567108,0
57.5546875,46.24337936,2.740055523,7.864373369,2.285117057,16.7783548,10.4503698,121.6933137,1
106.2578125,35.88049742,0.837617165,3.136766194,2.943143813,20.0345048,8.424017936,78.10951196,0
100.2578125,47.57021884,0.479196448,0.876418897,5.2090301,31.04856136,6.075504187,36.24292221,1
117.9609375,49.6651919,0.245001608,0.196850972,4.135451505,23.10822395,6.972411015,53.71117899,0
67.0703125,34.0420658,2.311709149,10.57798028,4.969063545,28.09762388,6.30901557,41.32863565,1
106.2421875,45.20124205,0.378014335,0.705144652,1.941471572,13.87533792,9.712605905,122.9516523,0
48,33.12523585,3.232482712,14.97328566,69.98076923,62.08698018,0.678813792,0.096656476,1
50.609375,35.50203215,3.667239216,16.4699669,11.73578595,39.9579891,3.982307101,16.36454974,1
97.7421875,59.56407344,0.693107927,-0.614142075,206.5292642,38.76869466,-2.636857381,8.08010064,0
126.3046875,48.71674484,0.126609863,0.244633966,11.14046823,44.47653924,3.771070161,12.36761192,0
59.203125,66.46067439,1.507330554,1.232719234,104.5944816,75.20402752,0.517452559,-1.190765047,0
122.1640625,47.76861178,0.069751537,-0.282629912,1.148829431,13.05146452,13.16069232,193.5474673,0
112.1796875,52.3056572,0.24848728,-0.249499873,2.142140468,16.80295593,10.3021325,122.5386668,0
137.1640625,64.61143201,-0.135341131,-1.207550053,22.5083612,54.23111786,2.498800023,5.166749616,0
125.6015625,42.88326084,-0.101687543,0.440003428,2.849498328,15.18131524,8.379150973,94.05966799,0
94.7734375,37.71878155,0.538716569,1.536012498,1.431438127,11.22435307,13.80065254,252.8229185,0
125.28125,58.62992217,-0.055635911,-0.798099912,3.051839465,20.6181396,8.163140691,71.66551154,0
112.171875,51.78970539,0.40431972,-0.023684944,1.969063545,12.64150194,11.15470066,169.3052582,0
105.59375,45.89482499,0.090410376,-0.004089162,2.213210702,13.66765802,9.672221086,127.4512507,0
78.375,37.71252279,0.809364965,2.760060093,1.943143813,18.18108774,10.50639806,118.6507444,0
124.078125,48.8168787,-0.069257799,-0.122427748,3.18812709,17.09560642,7.323361996,67.48455951,0
102.8671875,47.77067142,0.324098342,-0.018159119,2.914715719,18.37725485,8.344286699,81.28489484,0
128.6796875,51.95414649,0.107750834,-0.174005473,4.808528428,27.89830363,6.093725581,37.31047659,0
115.6796875,50.55657932,0.144594672,-0.394362917,8.825250836,35.74599724,4.642215278,22.00787146,0
117.1171875,52.18501058,0.02449722,-0.621616802,4.914715719,27.40424651,6.021306174,37.24702081,0
120.3046875,47.33962376,0.146134613,-0.08233392,11.36705686,42.88820208,3.842156972,13.70917873,0
139.1953125,47.99528925,-0.05254993,0.152287632,2.14632107,18.27853507,10.08647544,110.2575839,0
14.3359375,31.94728992,5.856152143,35.30350776,23.03093645,48.90323747,2.522333773,6.252608495,1
149.3515625,42.05011702,-0.016451936,0.47681226,2.918896321,19.20164807,8.209814032,76.27272803,0
96.6875,38.94181357,0.688368812,2.509435254,6.176421405,31.0751836,5.311122881,28.35052919,1
139.5,45.74812155,-0.23761915,0.193176351,1.975752508,13.85490679,10.04528681,129.079384,0
94.703125,37.66139423,0.349146733,1.74185722,2.766722408,19.11450962,8.444523414,80.76221945,0
110.1953125,49.9313683,0.381460062,0.130088645,2.135451505,14.9180049,9.350758837,108.5707159,0
138.4609375,49.47740999,-0.228002011,-0.293962359,3.862876254,23.27086239,7.978441368,69.86873515,0
87.75,36.12305358,0.7376626,2.755720166,3.509197324,17.3901449,7.032114087,65.1681172,0
109.640625,47.78152336,-0.041048848,0.146381877,1.674749164,11.14297766,12.94594658,241.8875282,0
137.1484375,43.67244731,-0.295095373,0.399819123,22.6722408,54.68562875,2.14697266,3.027266832,0
129.796875,50.06532598,-0.259029458,-0.037088762,0.317725753,8.205617631,27.93268259,817.4929422,0
121.515625,52.12229975,0.128542831,-0.268948999,3.671404682,23.20134824,7.236287728,55.45171214,0
59.015625,36.88347029,1.647415614,5.981434598,7.685618729,34.85735136,4.757430834,22.54106888,0
126.3984375,49.08909945,0.133203321,-0.20108227,4.066053512,25.17742695,7.035202512,52.86614359,0
87.7421875,39.16636114,0.769394292,1.934860072,5.512541806,28.62949242,5.811543823,35.09681593,0
137.09375,55.479506,-0.266391407,-0.370034248,2.203177258,14.77788809,10.63721251,136.7137084,0
92.3203125,38.42950803,0.737256095,2.32774885,2.280100334,19.31487821,9.658808485,100.2933386,0
110.3515625,34.45617457,0.163439455,1.917522016,0.828595318,10.55214247,16.71590506,333.0563403,0
95.390625,45.42236412,0.538937729,0.738468062,30.6229097,63.46941783,1.776940899,1.554288456,0
81.875,38.41610177,0.739547525,2.152050499,1.12458194,13.01698265,13.55699642,204.2719913,0
130.1328125,48.4533234,0.142145106,-0.231558671,1.721571906,15.21216408,11.0142905,135.113116,0
117.484375,50.51206297,0.156572827,-0.492389741,1.959866221,15.87598451,10.65241196,132.0610525,0
100.0234375,33.73181567,0.225562689,2.752916947,3.014214047,17.75814756,7.334706116,64.51997806,0
119.34375,56.14273627,0.016372746,-0.364706579,2.387123746,15.70941609,9.413986657,107.0631819,0
135.0390625,48.33370368,-0.000541145,0.105361385,2.474916388,14.42093678,8.572379296,101.2375018,0
110.3984375,60.11984643,0.387738537,-0.343590573,2.773411371,20.25212311,8.65376263,80.9497959,0
101.9921875,49.19706802,0.646499086,-0.054870798,16.07441472,45.12876762,3.065125907,8.694573842,0
74.2421875,35.31769787,2.193684838,9.04864641,38.51254181,77.83778912,1.600997903,0.747279614,1
122.078125,56.8557123,0.141452432,-0.453282597,2.815217391,16.73899986,8.649224175,90.91203803,0
118.96875,50.29055228,0.272308769,-0.22454571,2.015050167,14.72790361,9.974024131,121.2309558,0
129.8828125,53.30112292,0.11035682,-0.338016202,2.781772575,18.44262645,7.979892259,72.24231129,0
127.6484375,47.34853975,0.110161308,-0.16376404,0.45735786,8.288527412,25.73179536,751.9226382,0
110.8515625,44.75001569,0.260128165,0.064584018,2.169732441,14.85843297,10.50960742,143.0137821,0
121.734375,50.76007972,-0.045391064,-0.114901285,7.165551839,31.10255478,4.897418603,24.27844751,0
109.765625,47.89824572,0.033314047,-0.393822915,1.2909699,11.60291821,13.10583628,223.9281939,0
113.578125,53.35459349,0.180254208,-0.22653219,2.551839465,19.05768803,8.644840771,81.47557378,0
116.03125,53.26040648,0.124682707,-0.353180454,8.464882943,35.61414741,4.587050849,21.19389928,0
101.0234375,52.06433293,0.295999768,-0.108196744,1.803511706,12.25989551,11.11328266,174.2585601,0
110.9609375,51.54236764,0.188835324,-0.273061399,108.1939799,86.93426281,-0.278773011,-1.645962133,0
48.328125,48.31118358,3.173766502,9.525356912,47.38963211,69.05985015,1.365999822,0.773646881,1
89.8359375,45.549214,1.208151489,2.514956561,3.89548495,26.66781181,7.326969664,54.73208775,1
87.4296875,62.669356,0.877099282,-0.113678614,1.334448161,14.10692033,13.49709956,199.5401832,0
99.46875,45.17188311,0.414604811,0.550365963,3.676421405,23.40075062,7.231930422,56.22898475,0
116.9921875,41.19740892,0.218440872,0.556116517,3.321906355,20.10867352,7.582952646,,0
119.5390625,59.06721573,0.039818819,-0.72264257,0.613712375,9.066898114,21.48028459,544.4014316,0
78.4765625,39.46912655,0.828802116,2.182767263,2.58361204,19.41994628,9.428661914,98.39779651,0
100.4375,37.6066712,0.565106241,1.516592072,2.299331104,14.19733239,9.371095709,116.0998473,0
136.796875,52.07016891,-0.264543146,-0.260816314,3.509197324,21.46656611,7.916398669,69.47033025,0
120.03125,49.79441132,0.206506755,0.215930856,24.7006689,62.7075873,2.331625291,3.815925054,0
107.453125,37.34276607,0.13711727,1.426685594,1.72993311,17.94682242,10.83564068,119.811072,0
96.4375,42.65683379,0.588320542,1.246781457,9.024247492,39.44269261,4.460895519,19.11613138,0
99.3828125,51.61669441,0.484423623,0.116986124,2.753344482,16.34663795,8.743636423,94.4380795,0
136.4453125,49.50470442,-0.176497359,0.062329563,2.987458194,16.5775973,8.11076411,82.04563694,0
105.0390625,47.87735019,0.445407042,-0.083401818,73.58946488,75.53833235,0.080488342,-1.92586853,0
82.6953125,41.06959767,1.785558422,5.343621096,10.42307692,39.22450521,4.292418507,18.91628759,1
137.890625,39.32561077,0.107974094,0.846476019,9.550167224,38.45239847,4.243879349,17.56969635,0
87.671875,41.07084378,0.610609396,1.245056491,2.205685619,14.05886458,9.79333591,125.782002,0
108.375,37.24643439,0.487721698,2.366852373,1.024247492,10.27491249,16.58086024,348.1311185,0
120.640625,39.97376764,0.054248069,0.507816901,4.627926421,24.34931525,6.228604062,41.26719689,0
119.0625,48.92688263,0.257638325,-0.000582678,1.211538462,15.41329945,13.4955299,188.7207712,0
118.171875,49.79161409,0.353105801,0.008066466,2.876254181,17.73414044,,108.9018796,0
124.40625,43.25640081,0.039776641,0.567034945,4.373745819,27.39027877,6.759491684,47.19675962,0
121.7265625,45.79859353,0.395521947,0.469878693,1.376254181,12.78948034,11.96387152,176.79078,0
113.0234375,47.86544697,0.172329544,-0.014767638,10.72073579,40.67283948,4.17756279,17.12071392,0
100.6328125,43.0017934,0.476247142,0.902025123,10.24498328,41.33292536,4.070021685,15.57367378,0
116.828125,55.87305776,0.089774342,-0.487272722,2.506688963,17.15254563,8.601843033,89.32939504,0
116.359375,50.86036865,0.207320749,0.073077348,1.467391304,11.96573034,12.69363672,207.4956037,0
109.9765625,51.2679031,0.553848621,0.239053166,1.304347826,14.09787863,12.82115102,181.6579789,0
84.109375,56.81841064,1.169905984,0.918400261,133.6254181,92.27443884,-0.39216452,-1.447891765,0
118.671875,61.23419559,0.31768602,-0.673155571,3.180602007,17.27039994,7.517279643,70.85448058,0
147.34375,47.31021915,-0.01325218,-0.099323372,2.505016722,14.60462685,9.382908543,114.6653701,0
131.78125,42.55399832,0.174695188,0.383710793,3.236622074,20.50397702,8.356783945,79.79350024,0
141.4296875,51.58801393,-0.387278277,-0.045252409,0.369565217,7.804608673,29.76545311,949.7002887,0
116.96875,47.64975366,0.336088211,0.218204353,2.030936455,14.266745,10.69450175,140.0775311,0
98.640625,44.39730678,0.7503668,0.839587329,1.97826087,13.2757428,10.28640075,141.6567369,0
136.4453125,50.72302371,0.08461618,-0.223626023,3.072742475,20.88911383,7.893147843,68.11404165,0
93.2890625,41.80706286,0.713220755,0.92033134,7.384615385,32.23545635,4.833313772,24.28980065,0
128.875,41.51543388,-0.069837975,0.186120767,2.244983278,13.33417981,9.84704074,134.5819609,0
117.3515625,47.6008124,0.163797949,-0.173308776,3.364548495,17.78139874,6.934597287,59.90677275,1
104.5703125,51.47036216,0.39608451,0.270334561,2.986622074,18.98859423,7.665672071,65.18982161,0
116.6015625,46.90837809,0.215298802,0.334982645,2.848662207,15.29852354,8.042559246,89.10062556,0
104.515625,47.86471567,0.195533185,0.011958706,2.741638796,19.21318454,8.070856857,71.02013489,0
133.7890625,53.91944981,0.072057824,-0.401538391,2.174749164,20.31105267,10.21381623,108.515632,0
135.3671875,41.65874591,-0.047254041,0.346598897,3.037625418,21.61817694,7.863043513,65.51461965,0
140.015625,44.08177493,-0.053964837,0.432441619,2.12541806,15.2487509,10.34761559,127.6589522,0
119.1171875,48.75859237,0.183128343,0.190505132,2.107859532,13.85149033,10.45736764,141.8230663,0
121.640625,46.25096863,0.268210414,0.311769759,3.06270903,17.86755193,7.745835566,72.23412601,0
102.5703125,46.63483201,0.385886369,0.200038331,1.678093645,12.16040597,11.83195093,188.3181547,0
103.6875,51.34773455,,-0.282848453,1.238294314,14.60205368,13.51136201,195.0666436,0
114.515625,44.28300047,-0.116343662,0.082337964,8.097826087,34.8199088,4.590969311,21.02151138,0
116.609375,46.47096445,0.327072156,0.2614395,1.628762542,15.56374234,10.71729783,125.4148119,0
119.703125,55.23293845,0.15295577,-0.410765529,2.037625418,13.46664736,10.7417151,149.367809,0
96.46875,46.44922253,0.348342972,0.095188959,1.764214047,12.04657587,11.57626315,188.3999386,0
124.453125,60.69311372,-0.008185117,-0.911561229,181.7525084,55.86639538,-1.361182309,0.567202865,0
111.4921875,44.29764315,0.412766448,0.522884156,3.605351171,25.86092412,7.55054023,57.52957314,0
119.90625,55.72609318,0.248915201,-0.501388304,5.623745819,28.25650968,5.912220987,37.49910839,0
110.0546875,45.56405323,0.379362611,0.13388036,1.261705686,13.03215364,13.29426709,202.9300608,0
121.6796875,49.27679056,0.12814409,-0.309902213,42.40050167,70.28136929,1.344230456,0.293387822,0
87.09375,41.42546724,0.416574732,0.981521189,2.555183946,20.15440726,9.495578044,97.48268757,0
139.75,56.00013951,0.028863252,-0.373647232,1.392140468,12.23881259,13.10147349,209.9568599,0
107.6328125,30.75098349,0.402808027,3.63505743,2.418896321,14.1846145,9.782342944,126.3129466,0
129.703125,43.53184168,0.08252364,0.50610269,1.105351171,11.69750873,15.30157529,277.1084331,0
134.9453125,46.69821808,-0.135600794,-0.069129089,4.323578595,24.28357716,6.012012861,37.61479134,0
133.6484375,50.73007457,-0.168241839,-0.2211286,2.52090301,18.82209612,10.85736552,128.0648034,0
120.3125,51.82915896,0.154964157,-0.69442444,3.27006689,18.07855787,7.836818566,73.61284468,0
136.4453125,51.59954103,0.103404528,-0.376820445,3.307692308,18.63226176,7.853563279,75.07527618,0
111.4453125,44.81957033,0.423993738,0.860135436,5.113712375,29.2518835,6.475450166,43.17648955,0
137.3125,53.9784028,-0.159562129,-0.461360641,3.009197324,19.43419776,7.538533222,63.86921455,0
93.375,37.212859,0.524190016,2.017634166,3.122909699,18.68263668,7.793729847,71.55863101,0
138.8203125,49.54960166,0.003110939,-0.178795003,3.329431438,21.40171992,8.176822145,73.13083843,0
124.546875,44.01719468,0.034330851,0.239726904,1.940635452,18.53169537,10.81290184,122.51317,0
111.796875,46.61668146,0.145050033,0.434831728,3.413879599,16.71440534,7.384668903,73.19235095,0
70.671875,32.07074927,3.100675775,14.54066804,16.59949833,48.08467969,3.232253341,10.05964267,1
117.6328125,53.20917906,0.32291023,-0.127726619,5.589464883,28.06712909,5.582035661,32.50749412,0
110.84375,39.99774164,0.362048337,0.793389489,2.723244147,16.23730257,8.131253073,81.83686595,0
31.0859375,29.67901914,6.651450409,46.86685291,127.2458194,78.08266634,-0.137218605,-0.99087053,1
133.109375,48.32591734,0.109700367,0.193379651,2.717391304,15.20012757,8.583384628,98.48680594,0
116.5234375,45.33141241,0.137854934,0.420377185,0.856187291,12.44174601,16.17876367,276.3759874,0
119.8671875,52.59000783,-0.005797876,-0.221949891,1.307692308,12.88548642,13.03473886,201.4777876,0
109.078125,52.283872,0.175111538,-0.08533416,6.745819398,26.7115887,4.922162237,28.96970077,0
80.4296875,35.65868662,0.870979595,3.411963798,1.344481605,11.45450772,13.84606286,244.3328676,0
107.515625,49.00908468,0.543042813,0.564612713,17.27508361,51.83933323,2.926019923,7.232496915,1
116.828125,51.57050837,0.492274034,0.081008978,6.943143813,32.13074427,4.889395794,24.07380615,0
65.15625,35.38172142,2.817301139,12.33461874,11.09698997,39.26471721,4.352119246,19.88382492,1
84.25,37.88469348,0.683532319,2.217337953,1.829431438,12.79923454,10.89514792,158.2677374,0
131.7421875,42.35974026,-0.078131312,0.176319321,1.304347826,13.24237704,12.08276419,169.0792518,0
113.09375,47.49875615,0.027381007,0.193492519,2.514214047,15.17106355,8.776055761,99.0330616,0
105.2265625,48.48005628,0.229397523,0.178533721,2.142976589,17.10758186,10.12776186,118.1181721,0
131.0078125,36.94601131,-0.035342743,1.276480376,3.168060201,20.07334419,8.526301068,82.69853681,0
102.421875,50.03695656,0.575891545,0.357769929,4.206521739,27.17206398,6.813034239,47.2582551,0
131.2265625,50.01706191,-0.032727669,-0.326222813,3.836956522,24.87028567,7.051639236,51.82979914,0
119.7890625,48.80248014,0.054554987,-0.029259986,1.966555184,12.36940685,10.77276503,167.5992387,0
133.9765625,50.16994009,0.271682898,-0.184406374,3.191471572,20.95310804,7.913978685,68.72498219,0
119.9765625,48.87747194,-0.079337171,-0.306004071,2.060200669,17.87446156,10.04384112,106.9868927,0
142.34375,56.25658816,-0.231595511,-0.484903669,142.8269231,79.58912661,-0.78635374,-0.756673708,0
123.6484375,47.12194782,-0.035551328,-0.313747768,4.049331104,20.30050351,6.937800945,57.62747228,0
111.0546875,42.37542562,0.326217996,0.682166046,1.753344482,18.23637615,11.03400466,125.7820957,0
80.5234375,54.07618538,1.390950312,1.282291873,66.31187291,77.54995516,0.870147339,-0.478375944,1
123.375,55.03663553,-0.075636473,-0.58504441,17.69147157,53.18465932,3.035181299,7.946382176,0
127.1875,46.85712159,0.090197773,0.388836082,1.827759197,12.47118815,11.08330353,168.4762318,0
127.9296875,47.15204522,0.057592207,-0.030546659,4.789297659,29.09899639,6.613883448,44.15056274,0
141.1875,39.60937192,-0.172315843,0.997104608,2.731605351,19.39785108,8.826834558,85.66471835,0
96.1328125,41.18259096,0.511377273,1.033596385,2.04180602,13.49618767,11.03831782,155.4140741,0
95.0078125,37.6525016,0.315869601,1.802161665,2.950668896,20.50018536,7.809740763,66.80014907,0
107.1875,46.81174899,0.166867404,0.202784095,0.512541806,8.917346773,22.98170094,596.8352106,0
127.7578125,38.48025997,0.095740602,1.108001743,5.466555184,28.0437973,5.398380306,29.4559716,0
120.15625,46.31641136,0.181198687,-0.046225859,3.835284281,23.19144821,6.603495672,46.2318467,0
89.4375,39.44908705,0.70914704,2.225240098,1.358695652,12.83973503,12.59564802,192.2740508,0
50.0625,60.16549442,1.926926518,2.924904194,69.12625418,67.68154044,0.907627901,-0.0152805,1
92.3046875,48.69797843,0.518241636,0.58863647,1.717391304,16.78733991,12.18384563,158.7853627,0
121.0078125,47.17694354,0.229708131,0.09133623,2.036789298,14.69063307,9.546051121,112.1317212,0
93.921875,51.66230634,0.427832653,-0.209977956,1.536789298,13.07968188,12.27154185,180.7040667,0
115.1328125,38.7008501,0.132910616,0.792616828,98.159699,86.18732271,-0.218886993,-1.859503561,0
132,55.46606508,-0.05228097,-0.610486052,0.822742475,11.20008142,16.38599613,300.1432184,0
127.34375,51.19943199,-0.120488606,-0.340258798,2.099498328,15.11624853,10.53560534,131.6460268,0
117.1640625,45.55830354,0.364023937,0.064707648,3.956521739,22.73788661,6.37030585,43.08022997,0
113.96875,48.35092061,0.42012288,0.399999192,2.258361204,16.67932768,9.003409948,93.73570527,0
129.453125,48.64152344,-0.258301143,-0.033155638,5.257525084,29.30346188,6.008664709,36.46953862,0
87.8671875,52.97233522,1.41216443,1.57104878,110.4339465,79.95513887,-0.484144224,-1.504009207,0
93.2265625,43.6318431,0.52136022,0.909829501,1.351170569,13.16300266,11.95842709,170.503631,0
126.65625,43.30351413,0.121943288,0.565307405,2.390468227,15.44465389,9.58002491,114.3942561,0
116.0390625,47.71536741,0.17850779,-0.234020006,4.127926421,24.43761129,7.064408269,53.78155009,0
145.6484375,43.45266639,-0.221578332,0.303836433,0.893812709,10.68167852,17.44089508,345.9887717,0
145.4609375,46.10160354,-0.021208198,-0.206889254,2.846989967,16.31973074,8.719675516,95.24165964,0
132.4296875,48.43869895,0.077021251,-0.214521658,3.071906355,17.82087142,7.330814369,64.50471741,0
137.2265625,45.37279865,-0.122357839,0.188786338,6.232441472,30.05506904,5.306416362,28.99170917,0
130.0625,52.21122215,-0.204156276,-0.149789236,1.922240803,13.52279657,10.54133037,141.7010063,0
122.9453125,44.17495554,0.2628803,0.277527366,2.513377926,17.14069231,8.335571338,81.42972513,0
138.28125,48.28689287,-0.026365767,-0.033960962,2.598662207,16.9182907,9.040457389,98.445072,0
111.921875,46.51538881,0.377864305,0.364914668,2.264214047,13.71662896,9.689156874,128.1021389,0
130.3359375,42.79388781,0.215424553,0.301679876,2.705685619,16.137536,9.096293667,102.4561397,0
95.109375,40.59965255,0.644926047,1.41782129,10.07943144,36.98003454,3.771161007,13.78681426,0
139.875,50.71535147,-0.032392654,-0.358492793,8.614548495,38.67084435,4.610183274,20.32123274,0
144.03125,49.80947097,-0.030212555,-0.363438073,2.438963211,19.45156373,9.49126817,99.02605807,0
135.953125,46.87730984,0.108746126,-0.011254562,2.201505017,17.19561947,8.98690529,90.15211043,0
89.9375,37.01936782,0.631993412,2.219401581,1.02090301,11.36945967,14.69969558,260.5849068,0
127.0234375,50.84312036,0.519548542,0.031692416,4.532608696,24.8687479,7.405016194,59.0834081,0
129.1953125,70.3358082,0.016979713,-0.985866648,148.0501672,39.88628265,-0.082299775,0.343368499,0
91.3125,33.08316934,0.864452369,4.137784027,1.740802676,13.90969588,11.79591934,172.3344295,0
136.703125,52.87209794,-0.002134423,-0.512705684,3.720735786,21.49470507,7.217881173,58.57612295,0
105.390625,45.27920921,0.202037352,0.149790701,3.85451505,21.84091703,6.565247007,47.64946995,0
131,54.2523041,-0.075650403,-0.207963294,3.83361204,23.23260828,6.971391799,52.98990323,0
103.5234375,45.72573893,0.3365333,0.520557925,11.28929766,39.11645317,3.509139254,11.50397981,0
103.5,50.15335856,0.265518886,-0.023731072,0.58361204,9.644285344,20.42471843,468.8224701,0
117.265625,46.8061969,0.39359371,0.127416627,2.050167224,17.53303118,10.77619054,127.7349475,0
94.28125,51.9798545,0.628161385,0.210210122,3.556856187,19.99270632,6.760815844,53.16190301,0
120.1796875,48.44398079,0.087662994,-0.225399576,2.08277592,14.5343212,10.04125984,124.7180503,0
46.5703125,38.00199082,3.909548891,16.57935452,48.40384615,66.27613981,1.453978586,1.245745057,1
117.1015625,56.74047825,0.174826553,-0.585750817,3.847826087,25.72273542,7.15265038,52.36657818,0
114.0390625,44.73278341,0.323824208,0.525874455,1.919732441,13.4544411,10.20864007,136.7080451,0
144.625,47.36807337,-0.248390734,-0.205494645,4.260033445,20.59410511,7.212480705,64.13457176,0
104.65625,41.92132466,0.468618282,1.118563213,1.441471572,10.48589206,14.37464624,297.388607,0
121.375,53.24515823,0.103772205,-0.365118749,1.095317726,12.23997555,16.25804188,303.8800233,0
126.84375,55.06309414,-0.109745322,-0.426159482,1.586956522,14.15371763,10.81420637,137.7204442,0
122.1015625,54.09017931,0.006562854,-0.533371047,1.852006689,14.67202207,11.68979902,160.1716122,0
118.2265625,48.00833503,0.211339395,-0.099101522,1.820234114,13.10028052,11.79924513,175.7650929,0
117.0390625,41.75812091,0.333911135,0.691404567,1.851170569,17.3690877,10.48307679,117.4130599,0
117.390625,48.75548597,0.315378522,0.0955331,2.12541806,15.48100539,10.30903207,127.455521,0
132.7734375,60.9578767,-0.122538608,-0.658688415,11.34364548,42.92748574,3.717505353,12.49116833,0
119.6328125,44.22348625,0.011523319,0.367501213,3.477424749,18.48972395,6.935181132,57.48697694,0
72.1953125,36.16111054,2.60122326,9.521297542,10.63628763,41.68584516,4.206409502,17.25083221,1
123.078125,49.09821302,0.112043222,-0.226149128,3.559364548,20.61566572,7.964342601,72.45098083,0
133.1640625,47.55289445,0.079273143,-0.132977504,43.75501672,73.43464104,1.221455011,-0.227427429,0
114.84375,39.2405318,0.307487509,1.339832221,1.670568562,13.27129462,11.64494118,165.7791791,0
120.328125,50.16490142,0.136992008,-0.155807949,2.162207358,12.52864717,10.34805337,157.8507549,0
105.2578125,44.5060119,0.167528919,0.57577458,6.893812709,31.7602262,5.151953454,27.27456243,0
102.3984375,37.08127472,0.284690127,1.474853202,1.702341137,17.33508133,10.98567055,125.6586586,0
128.0703125,51.02330711,0.211048315,-0.160256946,3.065217391,18.76774329,7.556305261,65.82450939,0
126.8828125,48.68402926,0.046673846,0.210647601,0.865384615,9.3767006,19.21055381,467.6307624,0
6.1875,30.85392753,6.476885002,42.92076344,138.1956522,49.30449566,0.393867458,0.097969341,1
109.2109375,53.37699826,0.125993667,-0.378062872,5.690635452,29.59500228,5.862908884,35.51526125,0
140.03125,51.12758818,-0.021421445,-0.153224855,1.779264214,12.67841653,12.73910979,209.6325802,0
127.8203125,45.15553565,-0.122702178,0.136251307,2.607023411,20.04153924,9.23503588,90.2469822,0
49.6484375,35.18002581,2.989773372,12.14572219,6.816053512,31.83774095,5.340635791,29.9632072,1
114.390625,45.15238684,0.246794781,0.577216904,1.420568562,13.51845802,11.67705458,160.9421199,0
105.34375,39.81626503,0.404794303,0.861734063,0.966555184,11.00162128,15.76844784,296.103863,0
108.7109375,47.563798,0.21272002,0.350972053,5.108695652,26.95496476,5.983512421,38.58865151,0
48.0078125,34.27838607,3.247050207,14.44099494,30.99414716,58.83101018,2.087576811,3.598581154,1
133.9609375,51.65229338,-0.149695232,-0.60523075,4.566889632,23.9143827,6.320984765,42.99755608,0
112.421875,50.52020162,0.223546506,-0.445700783,2.600334448,20.62377917,9.143810323,89.41515726,0
60.1484375,49.56342052,2.042535958,4.475835277,7.959866221,36.35170628,5.155641077,26.6515781,1
75.671875,34.26416436,0.901418216,4.390239774,0.385451505,8.118752131,27.45067265,822.3090522,0
117.265625,,0.233555962,0.119018293,19.48327759,55.80122289,2.686855975,5.657202428,0
82.4140625,38.88756375,0.741045449,1.911145724,1.081103679,10.19283689,16.89328623,358.6521455,0
127.578125,45.03481455,-0.096230063,0.504858218,1.781772575,14.31350026,9.990031978,121.0068935,0
147.2890625,46.96261018,-0.138678325,0.046161536,10.34615385,,3.949408484,14.39234512,0
96.5625,51.10249352,0.607578966,0.31526006,0.877090301,9.033148369,20.54908805,533.3932663,0
143.8359375,49.6707562,-0.002501583,-0.340940116,10.39715719,43.47034462,4.225518873,16.6455136,0
128.28125,50.39809295,-0.113588671,-0.084867423,2.265050167,17.53255403,8.688011313,83.20561137,0
98.84375,39.88292192,0.612728481,2.167104705,2.158026756,16.41144099,10.10050113,117.930302,0
101.140625,45.04905909,0.145294949,0.353296171,61.2132107,86.81333833,0.728795439,-1.432832115,0
109.5546875,54.52705873,0.276643292,-0.350732413,1.006688963,11.1730814,14.49422209,261.0331986,0
122.3984375,43.87363599,0.331999244,0.58082082,1.232441472,14.85018218,13.68180245,200.0631972,0
159.671875,47.00384116,-0.304295563,-0.069956681,2.224916388,18.55973132,9.058002752,86.80915883,0
139.25,51.31505018,-0.139680069,-0.540490784,5.561036789,27.75520898,5.551499827,32.12548785,0
63.7578125,43.97775469,2.52074361,7.634463751,24.5735786,60.00793234,2.317804497,4.035176101,1
132.1484375,56.00336065,-0.105611615,-0.668776195,2.397157191,18.6892908,9.061084467,87.90844346,0
78.2890625,38.80764912,0.611850785,2.128245583,1.034280936,10.29585731,16.81057278,352.7765183,0
138.703125,52.53516075,-0.189375282,-0.456275165,3.851170569,19.1598955,6.32552125,49.28256021,0
120.6796875,40.9185421,0.291465349,0.627086628,1.473244147,13.91247557,13.14404374,203.4169407,0
145.65625,47.66852301,-0.142788916,-0.104241733,1.560200669,14.20910095,12.75577838,192.0357989,0
130.9375,48.95561606,0.00573356,0.109159462,0.689799331,11.08910081,18.44280336,363.4716642,0
89.7890625,40.45322383,0.539807018,1.222230548,3.373745819,22.26564941,7.253275992,56.06917559,0
119.4609375,44.02731793,0.377516534,0.563373361,9.164715719,35.30891565,3.956541951,14.99217386,0
113.8671875,46.86706118,-0.09037698,0.094195743,1.318561873,16.41654755,12.86385881,169.2015426,0
148.6875,53.78076881,-0.079932459,-0.426773873,4.678929766,25.56846519,6.250538573,42.14444427,0
112.6953125,52.35061464,0.133998242,-0.478385295,1.27006689,10.94673056,14.55042184,275.8573964,0
122,58.33470236,0.042277134,-0.714503084,3.266722408,18.45789558,8.019755121,77.7793418,0
117.8671875,45.23953109,0.114129934,0.366840446,1.899665552,12.54376819,10.96417301,165.8360226,0
175.328125,58.16760661,-1.244207612,0.885369999,16.56521739,49.70449393,3.002141456,8.015021321,0
108.109375,41.11535494,0.395285827,0.61916765,1.858695652,11.95487333,11.78073155,194.1235617,0
84.8671875,41.23434762,0.560041925,1.034741525,1.134615385,10.34785159,15.20352116,317.6223704,0
123.984375,42.36190513,0.276352024,0.781201374,2.594481605,20.10395899,9.140583707,89.54616202,0
75.75,35.40237457,0.739563006,3.833837119,1.201505017,12.58823166,13.37998477,206.5052651,0
117.3671875,46.37801053,0.056910538,0.21119615,12.10451505,41.45055821,3.458817127,11.02545813,0
124.953125,49.07183182,0.009028181,-0.411015215,3.346153846,22.96905531,7.640859841,61.43671582,0
125.75,50.9702732,0.096634004,-0.408661026,2.620401338,17.13690843,7.853998783,73.40204569,0
124.7109375,51.81354075,-0.070737596,-0.349962838,1.10367893,13.03523472,13.81715799,209.0115169,0
94.3359375,42.60158399,0.453193862,0.89287277,2.424749164,14.06578629,9.314123236,117.3591542,0
152.3984375,51.68645553,-1.01818029,0.681971169,160.3737458,96.89748201,-0.8113996,-1.047958799,0
124.5078125,52.81053933,0.285208613,-0.418974548,2.909698997,17.04342887,8.265031758,86.20762342,0
119.1015625,52.88546584,0.320426414,-0.15850433,2.919732441,21.75252829,8.534961743,78.29415704,0
118.5078125,45.02603346,0.109244122,0.27505423,7.058528428,27.86847848,4.739962427,25.30083237,0
109.8671875,48.15524554,0.411666349,-0.30855238,114.4197324,84.87741157,-0.438917061,-1.519846258,0
121.7890625,57.63362901,0.074867569,-0.629299377,6.518394649,32.03635836,5.512614094,31.14464539,0
132.40625,51.67195768,-0.198175311,-0.333091028,6.320234114,29.2643406,5.204803314,28.80174601,0
38.53125,37.39734648,4.364529648,19.87977135,61.35367893,65.38255954,1.372809961,0.924363483,1
135.2734375,48.82697686,-0.235957677,-0.219484729,4.341973244,19.79310066,6.026582721,44.23291083,0
143.8203125,55.18880004,-0.227824747,-0.418167446,3.986622074,19.76022207,6.592961047,52.14048493,0
46.0234375,37.86416199,3.155475572,11.64048548,67.1229097,67.46469988,0.798529409,-0.032071715,1
59.3515625,76.78445784,1.53630905,0.73669556,0.636287625,10.56698593,21.01723189,466.1354566,0
137.234375,49.60366109,0.115741311,-0.323204095,60.60200669,85.78690716,0.778440047,-1.264451836,0
141.984375,49.52824074,-0.265027809,0.263586742,2.862876254,18.98810382,8.245698842,76.22090712,0
100.6640625,39.26816406,0.483737151,1.408944108,1.025083612,11.05486649,14.83772109,274.1024108,0
25.296875,39.15660851,4.450881677,19.67773429,88.72324415,57.10776788,1.168896762,0.945171619,1
124.8671875,44.84650403,,0.531905913,2.634615385,16.24162575,9.053004893,100.0908494,0
104.1875,44.17485675,0.509948655,0.658674432,2.487458194,14.68836854,9.415702189,114.8541501,0
120.828125,52.64030499,0.115258569,-0.30959337,16.30685619,50.20698282,3.223927467,9.436440022,0
124.0234375,55.87059055,-0.121987707,-0.379193945,1.713210702,13.08924318,11.25736861,159.9282701,0
102.171875,50.84137546,0.276558354,-0.121100492,2.563545151,18.28335525,9.037525086,90.36487821,0
94.09375,42.43495712,0.791721827,1.601201316,5.948996656,28.5181672,5.535976483,31.72988858,0
103.0390625,43.61987834,0.375771463,0.198870615,2.367056856,18.28627476,8.901882519,85.35334566,0
104.2421875,52.37898942,0.206327465,-0.257105287,2.467391304,17.49413968,8.283748482,78.06669718,0
137.4375,50.39744382,-0.157019296,-0.047807418,5.464882943,28.18678034,5.996587496,37.33517276,0
118.15625,49.16401719,0.385231907,0.006788595,1.846989967,13.53451549,10.64161056,142.5752231,0
109.609375,43.14387891,0.113658715,0.204501876,2.501672241,16.79019155,8.981319086,95.52634694,0
128.78125,45.69958587,0.002629994,-0.151137971,2.930602007,21.89495368,8.558067147,78.1709308,0
103.921875,42.75248702,0.470389977,1.188437855,0.870401338,11.29791588,15.98328874,292.9289696,0
149.5078125,50.18963976,-0.211361956,-0.096879205,5.028428094,27.34914588,6.500586008,44.32675023,0
102.3203125,45.57410408,0.321909203,0.379147593,4.402173913,22.54014543,6.377098143,,0
132.59375,49.78884123,0.05503555,-0.148248992,1.660535117,11.35369996,12.76386105,228.5181707,0
113.515625,54.1838572,0.084458254,-0.796265936,139.6438127,52.65910962,-0.71488976,1.435969738,0
85.1953125,33.30166536,0.674810607,4.128160365,1.864548495,,10.84060386,129.8164136,0
99.625,43.35644416,0.465581831,0.751944888,11.74665552,38.10569086,3.22138601,9.386968869,0
126.1640625,59.37970736,0.102186525,-0.540014664,2.247491639,15.40074333,10.5250105,133.6334939,0
110.484375,45.80836175,0.373527785,0.635847582,0.829431438,11.28052173,16.1071543,292.4680101,0
129.890625,53.83093244,0.131388271,-0.646702901,1.040133779,9.846143906,17.04273628,385.2472023,0
111.9140625,50.90018224,0.291583707,0.480889618,1.382943144,12.83633183,14.42136533,243.4961006,0
95.0390625,43.70200981,0.74427474,0.933803193,4.948160535,23.24942524,5.588270916,36.63071975,0
142.6171875,46.57824752,-0.293798064,0.071820277,2.183946488,18.11075947,9.289399174,93.40048109,0
140.90625,55.96210178,-0.197028983,-0.498057206,3.755852843,27.01898733,7.731413597,60.68954715,0
95.46875,44.5354384,0.377170999,0.30787026,5.795986622,30.93833846,5.588421488,30.80519094,0
96.53125,43.54558271,0.654937519,0.947032267,4.64548495,22.42467297,5.983683906,40.96650681,0
136.5,57.93328598,-0.086887608,-0.592040261,89.92892977,88.98030183,0.232477254,-1.609242774,0
27.0390625,33.75472243,4.779123745,26.25535718,129.8637124,78.8154399,-0.348492115,-0.893790697,1
121.9453125,51.15483674,0.066170459,-0.359807021,1.593645485,14.03371811,12.03758244,168.498845,0
126.0859375,42.7607858,-0.026177983,0.49632374,5.848662207,30.30463512,5.377098736,28.53649241,0
124.1640625,42.63338945,0.027969008,0.005275787,1.49916388,11.73078017,13.1819051,227.1801311,0
122.0234375,46.50343819,0.519942751,0.319810057,3.168896321,18.89342321,8.080824341,77.02395931,0
37.578125,34.13933064,4.383129956,22.73569799,31.28093645,57.28536796,2.07995359,3.765242793,1
98.2578125,49.32564719,0.293144199,-0.030545219,1.719899666,12.16302192,11.7732107,189.0448479,0
119.8125,58.06283638,-0.001550634,-0.624844215,3.673913043,20.59221096,6.918202324,54.05813595,0
153.109375,48.17679589,-0.267568205,-0.018614441,1.119565217,12.39935746,13.71480344,215.7792591,0
120.4140625,42.74991362,0.032158303,0.531755141,2.026755853,17.579517,9.765971885,102.343565,0
122.3203125,45.15354596,0.066542779,-0.070208279,2.448996656,14.17148583,9.118175283,113.3002869,0
133.921875,49.02799095,-0.18066747,-0.412525861,2.800167224,16.4892597,9.250943636,108.2359426,0
110,39.65062263,0.159820293,1.134151128,4.081103679,24.84320619,7.212596737,56.29487238,0
29.390625,32.74862458,5.163921004,28.81412049,44.23829431,60.27744581,1.435925521,1.528894592,1
58.4375,47.26963051,2.148539156,4.683292326,55.52006689,74.83821189,,-0.027805804,1
109.734375,56.00704258,0.371303525,-0.447943828,4.713210702,25.35788372,6.143627903,39.57810348,0
80.1640625,39.65274607,0.86231416,2.061727083,2.071906355,17.86651115,9.888736388,105.0186225,0
133.7421875,50.21395568,0.08282333,0.102864167,7.769230769,35.57264821,4.686368109,21.17359102,0
101.53125,43.36796368,0.111792062,0.474592816,6.025083612,36.3838148,5.888983033,32.78082134,0
129.234375,37.73975117,0.059937597,0.945563451,1.597826087,11.53319893,12.83623273,224.7850226,0
127.9921875,50.72759605,-0.065354261,-0.393038036,1.173913043,14.39463581,14.08772324,213.9224479,0
123.0078125,51.40669583,0.253792606,-0.185199888,2.178929766,16.0028663,10.35068398,125.7699534,0
131.8125,54.10662939,-0.148850574,-0.311542332,1.934782609,14.05617353,10.13281605,127.6165515,0
122.015625,49.93370361,0.221610962,0.213615412,2.31187291,18.81210276,9.213490966,91.09510735,0
122.046875,51.85178085,0.376167634,-0.368958764,1.629598662,16.23646625,11.29383536,136.4751436,0
85.3359375,34.25918612,0.875711597,3.411482693,7.890468227,41.41468495,5.072793835,23.81435664,0
106.28125,43.02178545,0.408868006,1.032014666,1.610367893,17.25115554,12.11019331,152.0149562,0
143.359375,51.93817454,-0.107533228,-0.547774583,11.04180602,40.89768118,3.711417321,12.80614412,0
104.5078125,46.76286522,0.287761297,0.028932317,3.816053512,23.76022103,7.016620346,52.69553907,0
145.4453125,45.82180304,-0.175460476,0.401137946,3.0409699,16.0637576,7.755287446,80.30493749,0
95.140625,41.03252033,0.514522081,1.055755487,1.788461538,16.1369422,10.99058291,134.4121281,0
136.5234375,41.63325084,-0.019038887,0.559212057,2.173913043,14.39550707,10.13780855,128.3246331,0
58.125,38.23263495,2.302345294,7.674091626,129.2725753,78.3817151,-0.407509862,-0.8530609,1
96.4921875,43.94403331,0.499402046,0.989876125,2.037625418,17.57719017,10.73064832,126.2633036,0
99.7890625,43.08524478,0.474895827,0.571834865,2.392140468,15.67263038,9.265253685,105.3673228,0
63.203125,32.94796071,2.026050184,9.984820017,17.41638796,45.52316326,2.657922355,6.246802777,0
80.234375,51.93136762,1.488528618,2.243387011,34.07943144,74.88920163,1.973815641,2.260696163,1
105.375,55.37119061,0.144367075,-0.860497388,136.3712375,73.8059757,-0.755303722,-0.530109034,0
115.9453125,48.02185515,0.160068554,-0.222480051,4.87458194,27.26065174,6.377509331,42.689749,0
123.6171875,44.9214803,-0.064720117,0.303181359,1.174749164,11.64721382,13.62498639,230.5978323,0
122.015625,43.05682734,-0.155449062,0.209085642,3.45819398,21.31255125,7.993053049,71.32767101,0
133.8203125,55.62478,-0.065921059,-0.570366721,13.29347826,50.1650119,3.540067795,10.6710247,0
112.7578125,41.18550756,0.195610062,1.024446083,0.785117057,11.73992755,17.46600045,322.7417314,0
125.5,46.5639681,0.202991542,0.007243326,0.714882943,8.404876704,24.27381059,703.8862195,0
126.3828125,57.86462125,0.204792068,-0.52041293,2.217391304,17.06017969,9.094669949,92.57507877,0
129.921875,48.58603988,-0.004091777,-0.265232723,2.831103679,17.53534136,9.581191345,112.3330207,0
47.3046875,32.13777922,3.53345021,16.53491275,129.333612,79.08179103,-0.399639203,-1.034550242,1
66.3984375,35.14908868,1.301729651,5.290771735,1.102842809,10.49734599,15.29506931,309.5344499,0
116.890625,48.57279241,0.088910591,0.088698766,2.06187291,17.52779497,9.677444037,101.5872874,0
94.6953125,35.96755452,0.530218366,2.492196987,1.698996656,12.43389338,11.31527111,172.6262978,0
103.9140625,,0.23701796,0.423446564,2.326086957,18.30270431,8.734986337,82.08935303,0
150.8203125,48.33888083,-0.188187488,0.386392288,4.793478261,26.84166365,6.341576932,42.20621368,0
113.8515625,47.07757724,0.14332815,-0.050858481,3.184782609,18.57647492,7.441731249,64.2486025,0
103.84375,43.75168524,0.290134362,0.313298649,59.92892977,79.04697261,0.589917107,-1.583326213,0
104.7421875,51.81792735,0.570835135,0.16382035,2.680602007,15.7478562,8.839008982,100.0549094,0
117.84375,48.37474766,0.261610031,-0.2857747,2.587792642,16.37463221,8.174115601,82.5109493,0
117.359375,54.48920971,0.125716816,-0.469397451,3.049331104,21.6016321,8.065599819,69.6021565,0
104.84375,39.14505027,0.445271451,1.520096415,1.801839465,16.37780423,10.35630567,117.6674448,0
125.2734375,41.11601628,0.230770775,0.3811414,1.717391304,16.37127956,10.75071973,126.2179168,0
110.8671875,53.0130248,0.433563129,-0.236914595,1.234113712,10.48116834,15.03138251,306.9550369,0
100.3828125,41.96820245,0.520865462,1.092607763,1.224916388,13.35433295,13.43164168,204.9425165,0
92.6953125,40.76754963,0.292746538,1.112674151,0.998327759,12.76426334,14.97948287,247.9089992,0
132.4296875,49.90125931,-0.046486962,-0.126026759,6.084448161,32.48336944,5.829736357,33.84319291,0
125.171875,53.22183959,0.068760596,-0.246911264,1.631270903,15.32099109,11.5185321,146.9378432,0
127.8046875,48.720834,0.08112645,-0.353989756,15.97575251,53.00678553,3.034499956,7.281489178,0
126.6171875,49.07776372,0.193886793,0.162133301,2.232441472,15.86021139,8.937472593,95.09325696,0
112.3984375,32.5392407,0.500669521,2.741427148,1.505852843,12.84357129,12.09582123,182.1683236,0
134.796875,47.23947624,-0.049336031,0.154492364,1.607023411,12.82286384,11.59803558,170.8579575,0
93.0234375,56.55437992,0.977014848,0.253060583,166.1831104,72.38734125,-0.608098176,-0.679666417,0
144.4765625,45.71651179,-0.140527211,0.012500886,13.34197324,44.0076872,3.26581191,9.537458478,0
80.96875,37.88303081,0.776930779,2.457622502,1.336120401,13.40646027,12.39316855,175.8943427,0
105.265625,44.92484773,0.443069098,0.566053088,3.014214047,23.43868323,8.390089856,72.38917173,0
158.4296875,50.08019874,-0.283403937,-0.26160258,4.919732441,27.85473988,5.942410847,35.41269686,0
106.1328125,44.07829878,0.976642674,1.611317209,2.535117057,17.56210968,10.51112844,126.9669822,0
45.703125,30.71628217,4.486929377,27.46318845,34.89799331,72.41539612,1.913165862,2.162583529,1
73.4140625,41.11655068,0.775154402,1.671033122,2.77006689,16.24817377,8.066246349,82.15984857,0
112.6796875,54.75284433,0.15192149,-0.415410677,8.56187291,35.33769744,4.447105078,19.52890149,0
115.1015625,52.50756491,0.113357973,-0.2930537,93.1187291,86.36039608,-0.114307912,-1.907472685,0
111.140625,44.16300318,0.37485455,1.218564508,0.821906355,11.48232123,16.8027384,313.5630811,0
28.5,30.89498341,4.85741434,28.12136742,99.57274247,71.98993491,0.588580234,-0.577556703,1
80.15625,37.58062946,0.816715416,2.292702429,2.527591973,16.55153322,8.936706373,96.98980089,0
136.7421875,44.39123754,-0.22192524,0.908084632,2.105351171,14.49837742,10.13157115,128.3951486,0
84.1328125,41.4214941,0.641228642,1.340533689,2.008361204,14.85115438,10.23823704,125.9655801,0
95.015625,35.21363026,0.615148079,2.504779949,0.434782609,8.86973326,24.19964651,632.948879,0
146.0234375,48.14877089,-0.563544395,0.328038344,3.704849498,22.30700978,6.697826004,47.82384885,0
89.6484375,36.98491877,1.045088822,3.143446654,1.607859532,11.06106062,13.37865865,253.6609828,0
105.78125,51.86248908,0.407777255,-0.073484607,3.052675585,22.62667207,8.186494651,70.45140179,0
132.4765625,43.04248716,-0.00063905,0.267742351,0.93812709,13.10318649,16.77326368,298.847941,0
143.5703125,47.38335738,-0.180949222,0.195679648,2.492474916,17.21706133,8.424177121,82.97216752,0
122.484375,46.69030018,-0.086850458,0.101289973,2.790133779,14.95540538,9.224751955,118.9982098,0
137.5078125,58.31139416,-0.048727946,-0.850289214,1.418060201,13.74970264,12.33435541,173.2317211,0
135.375,40.43030268,-0.085344447,1.151063381,3.040133779,19.62090708,8.244860861,77.14057769,0
113.296875,44.10310352,0.441703884,0.989070372,1.675585284,11.82551968,11.69496782,194.9913925,0
137.765625,43.54729548,-0.032194399,0.170853558,3.149665552,17.83659127,7.98439711,75.60194716,0
107.59375,35.17954784,0.271858474,1.967945091,1.032608696,13.29331213,15.28331825,257.5365921,0
133.125,50.13388325,-0.30951846,-0.045315744,8.342809365,36.63292386,,22.2233079,0
52.171875,37.31100486,3.237044456,12.5337732,56.60535117,71.3767603,1.17797269,0.376362398,1
121.6796875,54.97256895,0.086535929,-0.290411103,4.130434783,25.98416762,6.800588361,47.19888901,0
122.375,50.7037967,0.329056368,-0.251161879,3.092809365,20.95230086,8.123013082,71.43152287,0
84.0859375,39.36746502,0.714647965,2.005417205,2.419732441,15.89775268,9.347670214,108.4677009,0
115.671875,42.64884036,0.204286917,0.483243197,2.114548495,16.09735502,9.518133858,106.3342559,0
101.8203125,43.00716394,0.427017125,0.733569865,16.46488294,54.70565449,3.20180796,8.610496179,0
78.578125,35.77394508,0.89044175,3.463751701,1.952341137,13.99391541,10.2533319,132.5447885,0
101.015625,61.79755057,0.272253133,-0.947837601,30.31939799,65.28368753,1.876727108,1.875444743,0
50.046875,43.36650842,3.050856886,9.748345285,58.7006689,76.48383242,0.819235603,-0.88260064,1
129.0390625,49.70733132,0.139396947,0.079056462,3.43812709,23.27217218,7.190587705,53.40748574,0
34.953125,30.45536164,5.859790675,38.80265987,55.34448161,76.40069994,1.310040698,0.438272388,1
114.7578125,47.2626878,0.307719674,0.072380009,1.83277592,12.73719946,11.20466155,166.0701919,0
120.828125,52.70512152,0.023903875,-0.392165248,1.059364548,10.27533923,16.40046247,343.0466051,0
114.1640625,53.61403987,-0.021158602,-0.704374616,2.597826087,19.28130852,9.589539717,100.0700157,0
126.3515625,51.41096519,0.148699264,-0.220388245,3.844481605,25.24165933,7.055532568,51.27622029,0
54.625,34.03949912,2.202762448,10.56004668,49.89214047,80.69743589,1.304085539,0.116022665,1
96.171875,47.1861522,0.532841226,0.271836603,6.547658863,30.11816588,4.984496146,25.6869615,0
123.15625,51.86331759,0.006216711,-0.294328649,3.195652174,21.25919469,7.902846727,68.4467569,0
113.78125,48.99552555,0.072764023,-0.461707837,1.977424749,13.47561871,10.8680339,155.0553261,0
118.4765625,51.06536327,0.212851165,-0.307704718,2.173076923,13.22468469,9.945476766,138.6854443,0
106.9296875,42.08421312,0.241724751,0.989107845,4.869565217,26.10993692,5.829097454,34.9420359,0
115.8125,47.90024628,0.310731459,0.221470946,3.744983278,22.66642685,7.612284288,63.39672374,0
119.046875,47.54354244,0.012741208,0.003234809,6.030936455,26.28951645,5.200120869,30.18359677,0
113.0546875,48.38877527,0.095567032,-0.062175342,1.326086957,11.67024724,13.45234021,230.5252055,0
131.953125,49.14453482,-0.023565797,-0.179173397,,10.38961189,16.8225932,342.0875921,0
108.75,38.090148,0.339955501,1.675152286,,15.88370072,10.39525239,125.3274754,0
119.296875,58.68511835,0.060716049,-0.668449972,37.01588629,65.15636388,1.517861659,0.94881451,0
131.5,53.0039798,0.051904013,-0.277780305,1.930602007,12.12591547,11.39195355,183.9775652,0
115.2265625,52.1958773,0.11325505,-0.591689992,12.01337793,44.1639143,3.590060973,11.55903395,0
152.46875,45.48951416,-0.559570859,0.610928137,36.64214047,72.52210386,1.683488859,1.189934375,0
92.6015625,40.20967309,0.75923722,1.462923894,1.286789298,11.19896941,14.01775514,255.2742821,0
120.875,48.17983889,0.179167307,0.143297819,2.326086957,15.91471906,10.08996547,124.0097828,0
138.4296875,52.25428864,-0.177426602,-0.41500001,1.923913043,17.21223208,10.58460212,119.2103026,0
94.078125,,0.332038232,0.808409927,5.234113712,27.28130505,5.642595986,32.92813083,0
124.9140625,53.19392989,-0.021354195,-0.28671584,3.513377926,20.28605601,7.784988438,69.07929637,0
126.0703125,42.51345074,-0.038228974,0.37434448,2.31270903,14.59248692,9.682617636,118.9081514,0
80.7734375,35.18482779,0.771132081,3.460121023,2.33361204,16.2595454,9.62393481,109.3697302,0
130.484375,45.63321576,0.141510594,0.231174139,2.972408027,18.30926464,7.532465375,66.00795795,0
121.078125,45.22212701,0.126099483,-0.050126355,3.283444816,18.8080631,7.20919068,63.76529307,0
123.75,51.28748629,0.279008508,-0.198705176,4.066889632,27.23980968,6.945298736,48.51064174,0
85.8359375,39.10138611,0.867297985,2.314020494,1.595317726,16.56678321,11.57400706,142.6708073,0
117.3671875,53.90861351,0.257953441,-0.405049077,6.018394649,24.76612335,4.807783224,25.52261561,0
126.296875,46.83654412,0.063916062,-0.166321462,1.573578595,16.71676619,11.70168243,143.7795309,0
124.3125,53.17905338,-0.012417701,-0.556020931,7.18645485,29.30826559,4.531382135,21.72514301,0
119.828125,51.89985991,0.164567706,-0.44025463,,13.84048774,10.26279689,138.5820775,0
125.84375,58.77810996,0.138070136,-0.529035476,84.45401338,93.50264457,0.287568762,-1.775350139,0
127.6875,51.92117674,-0.193571173,-0.106456099,3.546822742,24.051373,7.223635635,53.47366667,0
128.5546875,49.99950134,-0.015376599,-0.014759148,1.409698997,12.37091365,12.76127664,199.9855065,0
99.8203125,45.98716424,0.255139778,0.165562285,2.24916388,13.10128249,9.856950044,139.4034914,0
108.546875,58.14621379,0.286448664,-0.467998786,2.790133779,22.5099815,8.544111837,74.8759762,0
124.15625,58.11497729,0.009410779,-0.605070987,8.367892977,30.27957974,4.619652607,23.54194857,0
111.3125,45.1208014,0.117392726,0.055703279,3.525919732,21.97593311,7.970915235,68.66472575,0
143.7890625,50.65903984,-0.106623678,-0.298687916,1.997491639,17.58398368,10.20356928,113.1745808,0
98.5625,46.52196222,0.340984712,0.122546246,2.063545151,14.90300778,10.80696396,142.0471508,0
125.4296875,46.97533987,0.105053386,-0.226289541,6.050167224,33.86562308,5.787359548,32.97210834,0
108.6796875,47.30220885,0.178416313,0.019663453,1.947324415,14.62610032,10.2084451,127.6783784,0
151.203125,46.76860582,-0.305532789,-0.115471419,1.980769231,12.56410178,11.04258422,167.8851191,0
93.0078125,39.1753861,0.46180789,1.133540508,3.04264214,19.49527911,7.985530115,71.82677307,0
121.2890625,52.03141364,0.117174768,-0.41769841,3.629598662,19.25942657,8.231765715,82.70318133,0
144.7734375,51.76059898,-0.214620471,0.249143829,90.33361204,91.45235564,0.056649469,-1.925910411,0
91.265625,37.07709122,0.87876697,2.156588095,1.722408027,12.84516226,12.19876901,189.7888225,0
94.78125,40.83770039,0.667646326,1.629132225,2.795150502,15.2961515,8.152504189,88.52777451,0
121.9296875,49.02951656,0.282497468,-0.097528078,6.540133779,28.34423304,4.995846649,27.56715912,0
112.6328125,40.69203529,0.394077746,1.535719086,2.807692308,20.10211742,9.047894268,90.37678502,0
82.453125,37.06030967,0.664891585,2.651056225,3.967391304,21.81703578,6.282390593,44.14187136,0
127.40625,51.57207298,-0.162310872,-0.328479672,3.201505017,20.87157012,8.373061214,77.96191952,0
139.7421875,39.02428052,-0.363132929,1.152615062,4.35451505,24.64845958,6.507030098,45.93102053,0
94.03125,45.40304531,0.378354942,0.447342285,3.817725753,21.71578854,7.452693828,62.97696815,0
107.3984375,48.14923738,0.260241011,0.21431017,2.539297659,14.88436906,8.976076503,106.0545403,0
151.5625,50.63051667,-0.186145974,-0.29189987,0.653846154,10.6563331,18.95160912,386.0440882,0
11.3125,32.89917125,5.965438526,35.9852318,118.6337793,67.35104707,0.021561324,-0.574656351,1
131.1640625,58.61764044,-0.148873576,-0.617686491,4.540133779,28.25675214,6.72833019,46.39532067,0
108.4296875,49.20678364,0.334078059,0.234168278,4.596153846,28.47113104,6.407054806,40.98504709,0
140.6953125,53.61138501,-0.000982096,-0.486325997,1.255016722,10.0389384,16.18211689,356.6282034,0
105.1171875,45.15608713,0.503697428,0.296797827,2.018394649,14.23851985,9.695923518,119.315396,0
87.796875,38.2688596,0.624975986,1.955457701,1.947324415,14.45271617,10.08568188,123.6252864,0
129.96875,43.07641058,-0.177387506,0.346604484,10.02424749,39.15448667,3.960912434,14.84335721,0
80.109375,42.47521968,0.881263155,2.167457912,1.286789298,13.42764057,13.79737357,214.9782001,0
43.2265625,30.31609897,5.101297203,32.75339724,43.88461538,,1.641698775,1.439339227,1
103.4609375,40.63324961,0.299175816,1.083223783,1.892140468,14.82786082,10.98530448,146.1565129,0
116.046875,43.67383717,0.330900355,0.308270293,3.107023411,20.45686998,7.857741648,69.30992965,0
14.90625,29.39053778,7.210660828,53.02646526,124.2617057,75.63747526,-0.119869958,-0.972970887,1
80.8984375,36.93297135,0.747699672,2.564040305,0.484113712,9.230543044,22.19075613,542.0085902,0
92.6875,40.58781952,0.483733298,1.299760009,8.284280936,33.29672195,4.36817959,19.27459313,0
100.71875,39.68232004,0.529385419,1.869391183,1.47993311,14.33592788,11.21936306,141.7151608,0
138.0390625,49.97740151,-0.182433321,0.000920396,12.30518395,45.51053397,3.686551371,12.34594047,0
100.3125,36.99994721,0.576669719,1.445279004,1.990802676,13.61139164,10.39640394,139.8419636,0
105.65625,45.09771292,0.223858131,0.200874579,2.765050167,17.94848116,8.518659269,86.47436126,0
111.5546875,52.48077157,0.390190794,-0.176512088,0.530936455,10.23265542,21.4006961,479.7437594,0
93.046875,39.52429225,0.507308352,1.588369473,2.585284281,17.79947533,9.3330867,100.0650225,0
102.34375,47.42320066,0.559914272,0.826948055,1.304347826,15.34696863,12.6738756,167.2716559,0
152.75,41.97543925,-0.469778662,0.948994138,3.719063545,20.03599615,6.768985611,52.14057305,0
83.546875,43.66954377,0.659497694,1.547980343,2.251672241,18.10031612,9.681227075,102.5131872,0
126.171875,47.41738035,0.108234477,0.373438319,2.570234114,15.27230811,8.530018418,93.24530274,0
40.3984375,33.74845826,3.933902554,19.29466964,,76.57678022,0.558778802,-0.717263639,1
105.90625,51.10061116,0.402223642,-0.097416657,1.894648829,16.39445634,10.50425502,123.7453372,0
122.1953125,48.58900638,0.135569768,-0.013854175,3.157190635,17.3674254,7.881017949,74.94774087,0
85.578125,45.34461954,1.5705241,3.205262034,1.83277592,14.83472366,12.66582563,180.0859761,1
134.5546875,55.68098427,-0.116892237,-0.65171455,1.938963211,13.17944534,10.69520366,150.4172609,0
5.8125,30.63131312,7.152690621,51.59138187,149.0702341,47.63991978,0.237402818,0.127258449,1
126.3125,54.13622141,-0.08859248,-0.439776079,2.27006689,14.59141889,9.632345382,,0
113.9453125,47.30656479,0.265922766,-0.300500558,1.933110368,14.11356972,10.70684894,140.4278328,0
122.859375,51.34286318,-0.205109794,-0.511576362,2.399665552,19.80910064,8.924426907,82.85836564,0
93.7421875,44.56214868,0.511233107,0.88564224,6.222408027,27.46150908,4.831913773,24.76333083,0
154.5625,44.48222082,-0.360690461,0.441707162,2.75083612,16.35046124,8.943316319,98.43409024,0
87.5234375,45.75921438,1.679017383,3.828324223,86.00668896,83.41816503,0.266605877,-1.370809534,0
97.4375,40.37185553,0.526224097,1.496490755,2.105351171,16.76626465,9.734324035,106.52466,0
140.5859375,45.77057723,-0.049616209,-0.105756442,2.544314381,16.74300761,8.540240377,86.91027496,0
38.453125,37.2042209,4.358123862,20.62986473,151.1346154,89.0429762,-0.453400146,-1.306666595,1
114.15625,42.28150406,0.322265858,0.504204453,1.976588629,15.87949353,10.05674328,114.832032,0
89.3359375,65.04004504,0.891814728,-0.284312963,1.640468227,11.42056327,14.06575025,261.9908922,0
109.0078125,35.49944896,0.324706588,1.539138239,1.20735786,14.34216878,14.10012245,214.5767143,0
159.4609375,48.63799671,-0.092523198,-0.35918513,1.983277592,17.23697864,11.5554842,140.6190558,0
101.953125,50.86392069,0.466244878,0.006461593,7.671404682,38.43136459,5.150861606,25.57730866,1
7.796875,33.05969019,6.139090075,38.70819796,109.1254181,55.704857,0.68269248,-0.374732984,1
119.9609375,45.86961861,0.20456085,0.681754157,0.97909699,11.2401751,14.55743694,258.9899708,0
117.953125,46.97453755,0.337101361,0.103494592,1.256688963,15.51539845,13.34034389,184.6648533,0
127.7734375,53.05189306,0.131834692,-0.578751719,3.239966555,22.9453351,7.881664422,64.87504624,0
111.1640625,51.80217438,0.26767942,-0.141939639,2.902173913,19.0582533,8.402488689,79.61894133,0
77.7578125,39.44651167,0.715156764,2.04921959,4.007525084,23.82101129,6.739208753,48.55576375,0
108.3984375,50.78652316,0.257533604,0.386511184,3.905518395,26.73536113,7.225429942,52.62306243,0
21.1640625,37.08515904,4.742316294,22.94414038,93.91137124,71.29164631,0.605630044,-0.705783396,1
184.296875,55.83154901,-1.633922495,1.953768335,174.5635452,77.54723542,-1.529820477,0.705872441,0
113.6796875,45.91958555,0.331690687,0.636715361,0.711538462,11.53160122,18.41205002,355.439894,0
142.3203125,54.63786084,-0.183594679,-0.291387372,2.366220736,17.17419107,8.545726278,83.78246152,0
111.359375,52.72285059,0.272898007,-0.432159846,1.489966555,13.83698934,13.3187478,207.5051803,0
117.6328125,51.37072231,0.028521494,-0.397678839,1.260869565,10.61993963,14.90791301,296.8958092,0
133.7734375,50.46645155,-0.123067981,-0.396805271,1.880434783,14.53400758,9.836912903,117.4607927,0
37.3046875,41.06579298,3.653733848,13.72233338,51.10618729,64.88992167,1.338573283,1.060299728,1
90.7109375,38.05878519,0.568693175,1.601726655,2.106187291,14.38718988,9.743431652,119.9215872,0
126.1796875,46.934368,0.38227041,0.111913735,2.315217391,20.86779862,9.816918755,98.84148228,0
136.0390625,55.60258008,-0.053742698,-0.431335674,1.571070234,14.43225899,12.05999918,167.3221491,0
154.9765625,42.49512193,-0.280141686,0.563651631,0.680602007,9.045499535,22.32033128,572.6929099,0
138.8828125,43.25065409,-0.129654635,0.373259041,2.342809365,18.41670774,8.739861554,81.64463561,0
125.9375,54.51200413,-0.040687379,-0.607605947,0.839464883,9.758761489,18.8029448,425.9418162,0
103.4375,51.86215956,0.734444631,0.517248223,24.58695652,63.15428073,2.306971682,3.599275025,0
127.34375,53.37872316,-0.154418249,-0.25199008,106.5551839,94.61619954,-0.143800815,-1.825641622,0
108.7890625,57.30478442,0.350768669,-0.474729301,7.779264214,35.31671946,4.810001572,22.97893959,0
126.9375,50.30636609,0.11279792,-0.179505127,1.690635452,16.7127396,10.47812886,115.1714701,0
118.8828125,59.57802409,0.095876323,-0.702633542,3.195652174,23.17394991,8.038914835,67.44033055,0
125.015625,55.4999978,0.079124445,-0.44329583,13.24247492,41.42444549,,10.66451511,0
116.21875,49.61223663,-0.04843176,-0.009075894,1.507525084,13.91994948,11.45023719,153.5964276,0
83.859375,56.45306878,1.518644947,1.619663683,121.7508361,82.99606989,-0.506662454,-1.419886829,1
106.390625,42.93494977,0.072555218,0.283193697,6.131270903,32.38114865,5.64187634,31.78143442,0
137.78125,51.57896517,0.003477878,-0.462432464,6.161371237,27.74299537,5.701815645,36.0268762,0
124.75,47.65320687,0.200127216,0.090201115,2.691471572,19.48198621,9.399314548,101.8091632,0
71.1953125,29.1687061,2.969223144,15.0879771,11.08361204,43.12914842,3.907151901,14.36515482,1
120.59375,55.71389491,0.137535454,-0.232141931,3.531772575,20.84798845,8.088507973,75.91971125,0
127.4453125,48.36980085,0.17206981,-0.022764132,1.219063545,12.6894541,15.18023886,264.5719435,0
107.8125,40.67088755,0.503605896,1.020956135,2.743311037,16.98504646,8.268599511,81.86547457,0
138.1015625,45.91582649,-0.087282239,0.311119064,5.501672241,30.10759686,5.770962297,33.36640645,0
67.046875,45.91719098,2.071121367,5.008109577,142.9448161,88.02688646,-0.505813951,-1.168142364,1
136.453125,55.66008155,-0.007838337,-0.639507173,2.647157191,19.16206843,8.452301785,77.85639114,0
122.2578125,51.27228877,0.223309622,-0.179271177,6.639632107,30.8651951,5.113846394,27.31654984,0
108.421875,48.02483234,0.152909944,0.021653915,17.90551839,55.63129881,2.961762332,7.24521251,0
116,40.10942065,0.041491573,0.836908175,1.232441472,10.66114524,15.03675426,297.8198544,0
121.1015625,42.49702928,0.236478749,-0.035706116,2.572742475,15.28285899,8.721703719,98.9751082,0
25.484375,32.64199375,4.872233912,26.30378803,23.2048495,50.82477614,2.46850776,5.532071671,1
124.21875,45.92911275,0.043364444,0.273995298,1.394648829,13.72196826,12.35154403,174.5993857,0
129.484375,44.81088462,0.119816217,0.281598697,1.468227425,10.40467932,14.7400055,308.8529143,0
132.0625,52.62050901,-0.047394727,-0.265489099,1.427257525,12.88723512,11.82134275,171.9588545,0
100.484375,41.063591,1.103279124,2.264537458,2.121237458,15.72323921,11.35368289,147.2092204,0
88.34375,39.93245029,0.681377526,1.411464091,44.66889632,74.658794,1.17853169,-0.397269312,0
136.9921875,46.32654073,-0.213667181,-0.003949298,3.321070234,20.40859197,8.101704964,74.27131193,0
126.3125,44.03616234,0.197347454,0.541459826,0.459866221,8.931412453,23.21577878,597.2427318,0
114.4375,49.82622145,0.115212978,-0.230932739,3.076923077,18.71715458,7.880338169,73.57498589,0
90.8203125,36.61186488,0.470986308,2.127668173,1.184782609,13.41815781,13.66424952,209.5601992,0
106.984375,35.00870079,0.192885206,2.362172001,2.695652174,18.4599634,8.542611847,81.81788799,0
119.7890625,49.231223,0.354518273,0.089497391,1.883779264,15.30893801,10.75646499,133.1831667,0
74.4921875,36.70830885,1.115460054,3.40705721,0.45819398,9.046189062,23.07772417,581.6187764,0
108.9375,46.51608425,0.265501744,,3.492474916,18.54338067,6.860690781,57.77839375,0
124.359375,46.65125507,-0.122832917,-0.098439197,3.948160535,24.77984647,6.742730658,47.28661425,0
90.0703125,35.56226573,0.785203405,2.792336044,1.489966555,14.64104734,11.31784973,142.3160954,0
138.6796875,50.06947261,-0.172660021,0.150376599,1.434782609,15.69419063,12.06878675,153.2354199,0
128.484375,37.58199045,0.204475704,1.143396686,1.62541806,12.29134165,11.43579795,177.6853559,0
16.2265625,37.779834,4.639832777,22.30101065,114.5702341,51.32605378,0.520058073,0.509008815,1
80.6171875,52.51459932,1.126375165,1.256101247,38.41555184,74.85070129,1.65388229,1.135716924,1
87.4296875,44.85735788,0.750072895,0.787285775,2.137123746,13.28361552,9.830534543,134.7512693,0
123.0234375,48.29069929,0.145792283,0.005852545,2.867056856,15.54924914,7.94721075,84.10473544,0
132.0859375,49.04542336,0.069097518,-0.245377582,3.683946488,20.96610044,7.711718231,67.06458589,0
106.9921875,41.04618133,0.233246715,0.977525389,2.578595318,22.24986588,9.246426096,88.11136823,0
106.609375,43.24859723,0.114210846,0.729801683,5.591137124,30.51759548,5.796657261,33.74618656,0
117.1796875,50.07984774,0.043114916,-0.303459599,3.883779264,25.91671839,6.923343822,48.47429241,0
108.3125,50.40271415,0.171727444,-0.33881095,1.489130435,12.04426266,12.1536562,195.2697385,0
118.53125,48.11459912,0.068974515,0.111947285,3.197324415,18.5712366,7.552070241,67.67454664,0
118.3125,51.70555912,0.229173438,0.025168901,3.004180602,,8.686533933,88.05298273,0
111.625,54.98451487,0.119766773,-0.604808745,8.030100334,34.62142266,4.460330548,19.2829169,0
123.4140625,54.49161738,-0.039235301,-0.470415228,3.321906355,18.13745976,8.12929528,83.26104419,0
125.40625,58.12640287,0.308603264,-0.627204407,2.997491639,16.40042908,8.210744754,85.32877661,0
118.1640625,48.73457726,-0.055118786,-0.36190418,40.85200669,64.96695073,1.247757775,0.082586981,0
25.828125,29.67930397,6.793773206,48.16864374,72.12541806,70.63552397,0.988847761,0.136513894,1
106.7109375,48.57470927,0.340579156,0.073935319,1.183946488,10.49436589,15.03666955,305.3722247,0
131.671875,51.68944364,-0.083763594,-0.377585952,7.989966555,34.97626859,4.544574517,20.2656127,0
81.4921875,51.49150356,1.036647925,0.812341004,2.401337793,15.91231612,9.652696181,113.5054868,0
121.6953125,46.74006555,0.154725012,0.394200116,2.821906355,18.5379721,8.883730932,90.02949437,0
110.0234375,41.40830699,0.340431133,0.603376608,0.718227425,9.763681022,21.50492262,508.6851987,0
74.828125,35.29255175,1.001460528,3.854294692,3.321906355,21.03244559,8.239854854,76.87321565,0
124.3125,50.45213542,-0.041982639,-0.273080772,3.620401338,20.343572,6.957661736,55.10605129,0
94.421875,35.51135588,0.499086302,2.150677443,3.075250836,15.88191235,7.330399266,73.82696615,0
52,41.98213906,2.247982321,5.826077561,123.4673913,67.9385403,0.356264573,-0.855169937,1
92.4765625,57.86676033,1.2410772,0.934113669,151.4439799,81.29723349,-0.720683089,-0.713867955,1
127.3828125,50.30580252,0.164169261,-0.422519924,4.132943144,21.85467856,6.976457901,56.73220103,0
140.7578125,45.34223095,-0.135753667,0.1025301,3.994983278,26.07337809,6.669736591,44.30517266,0
129.265625,46.30579141,0.142341622,0.186575092,1.409698997,13.34508689,11.71875984,162.036304,0
88.1875,44.14106471,0.818014052,1.547155429,1.450668896,13.11749354,11.48524921,161.5310535,0
112.4140625,45.63091183,0.301825023,0.680368955,1.75083612,16.92768776,11.57514155,143.4081491,0
164.5078125,53.39080505,-0.814920527,0.093952845,77.57107023,73.18985573,0.120594822,-1.60683811,0
106.7890625,39.69486198,0.52216996,0.926013113,1.315217391,12.46996938,12.40272519,188.3913604,0
126.2265625,53.1022326,0.075112232,-0.290655166,4.778428094,25.42893375,6.413751385,44.13469515,0
136,46.02105496,-0.075758626,-0.084250989,8.862876254,37.14877339,4.40069083,19.00434774,0
97.15625,46.93619963,0.318199181,0.327285525,5.632943144,29.7032686,5.657428672,32.43010938,0
124.484375,47.0290775,0.070729997,0.163260571,1.325250836,14.71667988,12.97111652,183.8232045,0
100.7265625,41.3277137,0.376008737,1.302669733,2.334448161,14.39005779,9.241226196,112.2116906,0
127.140625,45.7338999,0.024393733,0.194640541,5.948996656,28.94458852,5.24301172,27.77395986,0
114.2265625,44.60174724,0.214542224,0.871556231,0.932274247,9.947164527,17.17031136,378.8444035,0
112.484375,51.58124423,0.366770427,-0.158344797,1.576923077,15.71431624,11.97226492,159.2818985,0
150.9375,44.19837207,-0.201597545,0.001463382,2.828595318,14.97751554,7.746218739,85.58044622,0
147.890625,52.88670591,-0.289470764,-0.5402845,13.99916388,46.5545406,3.452928486,10.91036439,0
92.3125,51.52028575,0.875865754,0.573469423,20.46822742,50.15304164,2.501918813,5.693900554,1
138.2421875,46.26211769,,0.120369771,3.616220736,17.95513838,6.532528787,53.89829685,0
131.7734375,53.77415371,-0.015936504,-0.735322266,43.06354515,64.39635557,1.161831291,-0.076008827,0
124.140625,47.8142131,0.052132852,-0.15140688,4.175585284,25.4255278,7.135019755,53.1724834,0
113.046875,43.91644399,0.114002513,0.145565761,1.546822742,16.19814541,11.21910063,131.9684092,0
80.9609375,35.17332138,2.183944861,8.837161121,12.57608696,41.9203345,3.752025145,13.96083946,1
100.4609375,39.43663873,0.470312296,1.389553074,3.804347826,22.05238931,6.707951728,49.01011952,0
103.140625,47.56257956,0.384095219,0.049221011,4.008361204,20.39521544,6.783497645,54.29740675,0
45.8359375,30.90200675,3.716130782,20.86737359,16.60869565,53.46329086,3.32919873,9.888894413,1
89.8828125,46.07375559,0.77892599,0.890933093,4.102842809,24.4108567,6.874129741,49.55902251,0
111.6328125,43.95343258,0.379512512,0.484780376,1.752508361,11.98015159,11.53639007,189.1087228,0
129.09375,48.41526707,0.067557059,-0.040136775,13.96822742,51.71753091,3.469775826,10.19440039,0
114.578125,47.81795057,0.364035234,0.115757939,0.81270903,10.64429624,17.59691552,352.0733862,0
83.7734375,52.27903124,1.206697886,1.630834374,97.37374582,90.90552419,0.13263871,-1.683188346,1
137.875,51.16196708,0.015710103,-0.30669443,77.46571906,89.39761055,0.463502787,-1.55120759,0
32.7578125,29.80371886,5.264754928,31.87811134,55.73411371,70.15343581,1.309008666,0.743217219,1
117.6796875,47.45704202,0.214801403,-0.13550329,2.731605351,21.99328807,8.401668908,71.5876406,0
129.578125,51.29580413,0.072288856,-0.431489386,3.193979933,19.70830336,7.001363883,54.09821459,0
78.8203125,43.13757672,0.674706208,1.19163715,1.058528428,13.54596729,14.58769241,228.3992314,0
84.71875,37.58738516,0.677771736,2.463176133,1.755852843,11.26210642,12.35677987,227.3652703,0
124.859375,53.43362331,0.344871744,-0.38171809,2.606187291,14.14194389,9.069718203,115.1151705,0
